bp,sex,D5Mit193,D5Mit61,D5Mit387,D5Mit148,D5Mit13,D5Mit55,D5Mit312,D5Mit188,D5Mit213,D5Mit31,D5Mit99,D5Mit101,D5Mit409,D5Mit169,D13Mit16,D13Mit59,D13Mit91,D13Mit148,D13Mit78
,,5,5,5,5,5,5,5,5,5,5,5,5,5,5,13,13,13,13,13
,,0,5.5000000001,10.9000000002,14.2000000003,15.3000000004,18.6000000005,32.8000000006,51.4000000007,60.1000000008,66.7000000009,73.200000001,74.3000000011,77.6000000012,82.0000000013,5.7,7.7000000001,16.4000000002,40.4000000003,59.0000000004
109.6,male,BB,-,BB,BB,BB,BB,BB,BA,BA,BA,BA,-,BA,BA,BA,BA,BA,BA,BA
109.8,male,BB,-,BB,BB,BB,BA,BA,BA,BA,BB,BB,-,BB,BB,BA,BA,BA,BB,BB
110.1,male,BA,-,BA,BA,BA,BA,BA,BA,BA,BA,BA,-,BA,BA,BA,BA,BA,BB,BB
110.6,male,BB,-,BB,BB,BB,BB,BB,BB,BB,BB,BB,-,BB,BB,BB,BB,BB,BA,BA
115,male,BA,-,BA,BA,BA,BA,BA,BA,BA,BA,BB,-,BB,BB,BB,BA,BA,BA,BA
109.8,male,BB,-,BB,BB,BB,BB,BB,BB,BB,BB,BB,-,BB,BB,BA,BA,BB,BA,BA
114.4,male,BB,BA,BA,BA,BA,BA,BA,BA,BA,BA,BA,-,BA,BA,BA,BA,BA,BB,BB
113.4,male,BB,-,BB,BB,BB,BA,BA,BA,BA,BA,BA,-,BA,BA,BB,BB,BA,BA,BA
113.8,male,BB,-,BB,BB,BB,BB,BB,BB,BB,BB,BB,-,BB,BB,BA,BA,BA,BB,BB
113.1,male,BB,-,BB,BB,BB,BB,BB,BB,BB,BB,BB,-,BB,BB,BA,BA,BA,BA,BA
120.8,male,BA,-,BA,BA,BA,BA,BA,BA,BA,BB,BB,-,BB,BB,BA,BA,BA,BA,BA
110.9,male,BB,-,BB,BB,BB,BB,BB,BB,BB,BB,BB,-,BB,BB,BA,BA,BA,BA,BA
112.2,male,BB,-,BB,BB,BB,BB,BB,BB,BB,BB,BB,-,BB,BB,BB,BB,BB,BA,BA
110.4,male,BA,-,BA,BA,BA,BA,BA,BA,BA,BA,BA,-,BA,BA,BA,BA,BA,BB,BB
111.9,male,BB,-,BB,BB,BB,BB,BB,BB,BB,BB,BB,-,BB,BB,BA,BA,BA,BA,BA
113.3,male,BA,-,BA,BA,BA,BA,BA,BA,BA,BA,BA,-,BA,BA,BB,BB,BB,BA,BA
114.3,male,BA,-,BA,BA,BA,BA,BB,BB,BB,BB,BB,-,BB,BA,BA,BA,BA,BB,BB
113.8,male,BB,-,BB,BB,BB,BB,BB,BB,BB,BB,BB,BB,BA,BA,BA,BA,BB,BB,BB
118.3,male,BA,-,BA,BA,BA,BA,BA,BA,BA,BB,BB,-,BB,BB,BB,BB,BA,BA,BA
110.8,male,BA,-,BA,BA,BA,BA,BA,BB,BB,BB,BB,-,BB,BB,BB,BB,BB,BB,BB
109.5,male,BA,-,BA,BA,BA,BA,BB,BB,BB,BB,BB,-,BB,BB,BA,BA,BA,BB,BB
111.6,male,BA,-,BA,BA,BA,BA,BA,BA,BB,BB,BB,-,BB,BB,BB,BB,BB,BA,BA
113.2,male,BB,-,BB,BB,BB,BB,BB,BB,BB,BB,BB,-,BB,BB,BA,BA,BA,BB,BB
115.7,male,BA,-,BA,BA,BA,BA,BA,BA,BA,BA,BA,-,BA,BA,BB,BB,BB,BB,BB
109.5,male,BA,-,BA,BA,BA,BA,BA,BB,BB,BB,BB,-,BB,BB,BB,BB,BB,BA,BA
112.6,male,BB,-,BB,BB,BB,BB,BA,BA,BA,BA,BA,-,BA,BA,BA,BA,BA,BB,BB
119.7,male,BA,-,BA,BA,BA,BA,BB,BB,BB,BB,BB,-,BB,BB,BB,BB,BB,BB,BB
122.6,male,BB,-,BB,BB,BB,BB,BB,BB,BB,BB,BB,-,BB,BB,BA,BA,BA,BB,BB
118,male,BB,-,BB,BB,BB,BB,BB,BB,BB,BB,BB,-,BB,BB,BB,BB,BB,BB,BB
116.3,male,BB,BA,BA,BA,BA,BA,BB,BB,BB,BB,BB,-,BB,BB,BA,BA,BB,BB,BB
110.2,male,BA,-,BA,BA,BA,BA,BA,BA,BA,BA,BA,-,BA,BA,BA,BA,BA,BA,BA
119.3,male,BA,-,BA,BA,BA,BA,BA,BA,BA,BA,BA,-,BA,BA,BA,BA,BA,BA,BA
110.7,male,BB,-,BB,BB,BA,BA,BA,BA,BA,BB,BA,BB,BB,BB,BB,BB,BB,BB,BB
109.9,male,BB,-,BB,BB,BB,BA,BA,BA,BA,BA,BA,BA,BB,BB,BB,BB,BB,BB,BB
128,male,BA,-,BA,BA,BA,BA,BA,BA,BA,BB,BB,-,BB,BB,BB,BB,BB,BA,BA
116.1,male,BA,-,BA,BA,BA,BA,BB,BB,BB,BB,BB,-,BB,BB,BB,BB,BB,BA,BA
119.6,male,BA,-,BA,BA,BA,BA,BA,BB,BB,BB,BB,-,BB,BB,BB,BB,BB,BB,BB
118.7,male,BA,BB,BB,BB,BB,BB,BB,BB,BB,BB,BB,-,BB,BB,BB,BB,BB,BA,BA
109.6,male,BA,-,BA,BA,BA,BA,BA,BA,BA,BA,BA,-,BA,BA,BA,BA,BA,BB,BB
112.2,male,BA,BA,BB,BB,BB,BB,BB,BB,BB,BA,BA,-,BA,BA,BB,BB,BB,BB,BB
109.5,male,BA,-,BA,BA,BA,BA,BA,BA,BA,BA,BA,-,BA,BA,BA,BA,BA,BA,BA
118.1,male,BA,-,BA,BA,BA,BA,BB,BB,BB,BB,BB,-,BB,BB,BB,BB,BA,BA,BB
110.2,male,BA,-,BA,BA,BA,BA,BA,BA,BA,BA,BA,-,BA,BA,BA,BB,BB,BB,BB
119.3,male,BB,BA,BA,BA,BA,BA,BA,BA,BA,BA,BA,-,BA,BB,BB,BB,BB,BB,BB
116.2,male,BB,-,BB,BB,BB,BB,BB,BB,BB,BB,BB,-,BB,BB,BA,BA,BA,BA,BA
113.4,male,BB,-,BB,BB,BB,BB,BB,BB,BB,BB,BB,-,BB,BB,BA,BA,BA,BA,BA
89.3,male,BB,-,BB,BB,BB,BB,BB,BB,BB,BB,BA,-,BA,BA,BA,BA,BA,BB,BB
88.2,male,BA,-,BA,BA,BA,BA,BA,BA,BA,BA,BA,-,BA,BA,BA,BA,BA,BA,BA
93.3,male,BA,BB,BB,BB,BB,BB,BB,BB,BB,BB,BB,-,BB,BB,BB,BA,BA,BB,BB
84.8,male,BB,-,BB,BB,BB,BA,BA,BA,BA,BA,BA,-,BA,BA,BB,BB,BB,BB,BB
92.1,male,BB,BA,BA,BA,BA,BA,BA,BA,BA,BA,BA,-,BA,BA,BB,BB,BB,BA,BA
93.2,male,BB,-,BB,BB,BB,BB,BB,BB,BB,BB,BB,-,BB,BB,BB,BB,BB,BB,BB
91,male,BB,-,BB,BB,BB,BB,BB,BB,BB,BB,BB,-,BB,BB,BA,BA,BA,BA,BA
88.8,male,BB,-,BB,BB,BB,BB,BB,BB,BB,BB,BB,-,BB,BB,BB,BB,BB,BA,BA
89,male,BB,-,BB,BB,BB,BB,BA,BA,BA,BA,BA,-,BA,BA,BA,BB,BB,BB,BB
92.6,male,BA,BB,BB,BB,BB,BB,BB,BB,BA,BA,BB,BA,BA,BB,BA,BA,BA,BA,BA
92,male,BB,-,BB,BB,BB,BB,BA,BA,BB,BB,BB,BB,BB,BA,BB,BB,BB,BA,BA
84.1,male,BA,-,BA,BA,BA,BA,BA,BA,BA,BA,BA,-,BA,BA,BB,BB,BB,BB,BB
92.7,male,BB,-,BB,BB,BB,BB,BB,BB,BA,BA,BA,-,BA,BA,BB,BB,BB,BB,BB
88.3,male,BA,-,BA,BA,BA,BB,BB,BB,BB,BB,BB,-,BB,BB,BA,BA,BA,BB,BB
85.6,male,BA,-,BA,BA,BA,BA,BA,BA,BA,BA,BA,-,BA,BA,BA,BA,BA,BA,BA
86.3,male,BA,-,BA,BA,BA,BA,BA,BA,BA,BA,BA,-,BA,BA,BB,BA,BA,BA,BA
91.9,male,BA,-,BA,BA,BA,BA,BA,BA,BA,BA,BA,-,BA,BA,BB,BA,BA,BA,BA
87.4,male,BB,-,BB,BB,BB,BB,BB,BB,BB,BA,BA,-,BA,BA,BB,BB,BB,BB,BB
92.9,male,BB,-,BB,BB,BB,BB,BB,BB,BB,BB,BB,-,BB,BB,BA,BA,BA,BA,BA
91,male,BA,-,BA,BA,BA,BA,BA,BB,BB,BB,BB,-,BB,BB,BB,BB,BB,BA,BA
90.2,male,BA,-,BA,BA,BA,BB,BB,BA,BA,BA,BA,-,BA,BA,BA,BA,BA,BA,BA
90.3,male,BB,BB,BA,BA,BA,BA,BA,BA,BA,BA,BA,-,BA,BA,BB,BB,BB,BB,BB
88.5,male,BB,-,BB,BB,BB,BB,BA,BA,BA,BA,BA,-,BA,BA,BA,BA,BA,BA,BA
91,male,BA,-,BA,BA,BA,BA,BA,BA,BA,BA,BA,-,BA,BA,BA,BA,BA,BA,BA
88.4,male,BB,-,BB,BB,BB,BB,BA,BA,BA,BA,BA,-,BA,BA,BB,BB,BB,BA,BA
88.8,male,BA,-,BA,BA,BA,BA,BA,BA,BA,BA,BA,-,BA,BA,BB,BB,BB,BA,BA
91.7,male,BA,-,BA,BA,BA,BA,BA,BB,BB,BB,BB,-,BB,BB,BB,BB,BB,BB,BB
93.1,male,BB,-,BB,BB,BB,BB,BB,BB,BB,BB,BB,-,BB,BB,BB,BB,BB,BB,BB
89.3,male,BB,-,BB,BB,BB,BA,BA,BA,BA,BA,BB,-,BB,BB,BA,BA,BA,BA,BA
88.8,male,BB,-,BB,BB,BB,BB,BB,BA,BA,BA,BA,-,BA,BA,BB,BB,BB,BA,BA
88.9,male,BA,-,BA,BA,BA,BA,BB,BB,BB,BB,BB,-,BB,BB,BB,BB,BA,BA,BA
92.8,male,BA,-,BA,BA,BA,BA,BA,BA,BA,BA,BA,-,BA,BB,BB,BA,BA,BA,BA
92.3,male,BB,BA,BA,BA,BA,BA,BA,BA,BA,BA,BA,-,BA,BA,BA,BB,BB,BA,BA
89.6,male,BA,-,BA,BA,BA,BA,BA,BA,BA,BA,BA,-,BA,BA,BB,BB,BB,BB,BB
93.3,male,BB,-,BB,BB,BB,BB,BA,BA,BA,BA,BA,-,BA,BA,BB,BB,BB,BA,BA
91.1,male,BA,-,BA,BA,BA,BA,BA,BA,BA,BA,BA,-,BA,BA,BB,BB,BB,BA,BA
93.2,male,BA,-,BA,BA,BA,BA,BB,BB,BB,BB,BB,-,BB,BB,BA,BA,BA,BB,BB
92.7,male,BA,-,BA,BA,BA,BA,BA,BA,BA,BA,BA,-,BA,BA,BB,BB,BB,BA,BA
92.4,male,BA,-,BA,BA,BA,BA,BA,BA,BA,BA,BA,-,BA,BA,BB,BB,BB,BA,BA
91.6,male,BB,-,BB,BB,BB,BB,BB,BA,BA,BA,BA,-,BA,BA,BA,BA,BA,BB,BB
82.7,male,BB,BA,BA,BA,BA,BA,BA,BA,BA,BA,BA,-,BA,BA,BA,BA,BA,BB,BB
93.5,male,BB,BA,BA,BA,BA,BA,BA,BA,BA,BB,BB,-,BB,BB,BA,BA,BA,BA,BA
87.8,male,BB,-,BB,BB,BB,BB,BB,BB,BB,BB,BB,-,BB,BB,BA,BA,BA,BA,BA
92.3,male,BB,-,BB,BB,BB,BB,BB,BB,BB,BB,BB,-,BB,BB,BA,BA,BA,BA,BA
90.3,male,BA,-,BA,BB,BB,BB,BB,BB,BB,BA,BA,-,BA,BA,BB,BB,BB,BA,BA
93.5,male,BB,-,BB,BB,BB,BB,BB,BB,BB,BB,BB,-,BB,BB,BB,BB,BB,BB,BB
107.1,male,BB,-,BB,-,-,-,-,-,-,-,BA,-,BA,-,-,-,-,-,-
96.1,male,BB,-,BB,-,-,-,-,-,-,-,BA,-,BA,-,-,-,-,-,-
96.8,male,BB,-,BB,-,-,-,-,-,-,-,BA,-,BA,-,-,-,-,-,-
95.1,male,BB,-,BB,-,-,-,-,-,-,-,BA,-,BA,-,-,-,-,-,-
94.6,male,BB,-,BB,-,-,-,-,-,-,-,BB,-,BB,-,-,-,-,-,-
105.9,male,BA,-,BA,-,-,-,-,-,-,-,BA,-,BA,-,-,-,-,-,-
96.8,male,BA,-,BA,-,-,-,-,-,-,-,BB,-,BB,-,-,-,-,-,-
106,male,BA,-,BA,-,-,-,-,-,-,-,BA,-,BA,-,-,-,-,-,-
107.1,male,BA,-,BA,-,-,-,-,-,-,-,BB,BB,BA,-,-,-,-,-,-
96,male,BB,-,BB,-,-,-,-,-,-,-,BB,-,BB,-,-,-,-,-,-
104.3,male,BA,-,BA,-,-,-,-,-,-,-,BB,-,BB,-,-,-,-,-,-
100,male,BB,-,BB,-,-,-,-,-,-,-,BB,-,BB,-,-,-,-,-,-
109.4,male,BA,BB,BB,-,-,-,-,-,-,-,BB,-,BB,-,-,-,-,-,-
108.5,male,BA,-,BA,-,-,-,-,-,-,-,BA,-,BA,-,-,-,-,-,-
98.2,male,BA,-,BA,-,-,-,-,-,-,-,BA,-,BA,-,-,-,-,-,-
97.7,male,BA,-,BA,-,-,-,-,-,-,-,BB,-,BB,-,-,-,-,-,-
102.7,male,BB,-,BB,-,-,-,-,-,-,-,BB,-,BB,-,-,-,-,-,-
106.2,male,BA,-,BA,-,-,-,-,-,-,-,BB,-,BB,-,-,-,-,-,-
100.2,male,BB,-,BB,-,-,-,-,-,-,-,BA,-,BA,-,-,-,-,-,-
93.8,male,BB,-,BB,-,-,-,-,-,-,-,BA,-,BA,-,-,-,-,-,-
102.7,male,BB,-,BB,-,-,-,-,-,-,-,BA,-,BA,-,-,-,-,-,-
102.4,male,BA,-,BA,-,-,-,-,-,-,-,BB,-,BB,-,-,-,-,-,-
106.1,male,BB,-,BB,-,-,-,-,-,-,-,BA,-,BA,-,-,-,-,-,-
95.4,male,BB,-,BB,-,-,-,-,-,-,-,BB,-,BB,-,-,-,-,-,-
106.5,male,BA,-,BA,-,-,-,-,-,-,-,BA,-,BA,-,-,-,-,-,-
96.9,male,BB,-,BA,-,-,-,-,-,-,-,BA,-,BA,-,-,-,-,-,-
94.2,male,BB,-,BB,-,-,-,-,-,-,-,BB,-,BB,-,-,-,-,-,-
94.5,male,BA,-,BA,-,-,-,-,-,-,-,BB,-,BB,-,-,-,-,-,-
97.8,male,BB,-,BB,-,-,-,-,-,-,-,BB,-,BB,-,-,-,-,-,-
101.8,male,BA,-,BA,-,-,-,-,-,-,-,BA,-,BA,-,-,-,-,-,-
104.5,male,BA,-,BA,-,-,-,-,-,-,-,BA,-,BA,-,-,-,-,-,-
104.8,male,BA,-,BA,-,-,-,-,-,-,-,BB,-,BB,-,-,-,-,-,-
96,male,BB,-,BA,-,-,-,-,-,-,-,BA,-,BA,-,-,-,-,-,-
97.5,male,BA,-,BA,-,-,-,-,-,-,-,BA,-,BA,-,-,-,-,-,-
101.2,male,BA,-,BA,-,-,-,-,-,-,-,BB,-,BB,-,-,-,-,-,-
95.6,male,BA,-,BA,-,-,-,-,-,-,-,BB,-,BB,-,-,-,-,-,-
101.7,male,BB,-,BB,-,-,-,-,-,-,-,BB,-,BB,-,-,-,-,-,-
102.6,male,BB,-,BB,-,-,-,-,-,-,-,BA,-,BA,-,-,-,-,-,-
97.4,male,BB,-,BB,-,-,-,-,-,-,-,BA,-,BA,-,-,-,-,-,-
95,male,BA,-,BA,-,-,-,-,-,-,-,BB,-,BB,-,-,-,-,-,-
97,male,BA,-,BA,-,-,-,-,-,-,-,BA,-,BA,-,-,-,-,-,-
96.6,male,BB,-,BB,-,-,-,-,-,-,-,BA,BA,BB,-,-,-,-,-,-
102.2,male,BB,-,BA,-,-,-,-,-,-,-,BA,-,BA,-,-,-,-,-,-
105.5,male,BB,-,BB,-,-,-,-,-,-,-,BA,-,BA,-,-,-,-,-,-
100.1,male,BB,-,BB,-,-,-,-,-,-,-,BB,-,BB,-,-,-,-,-,-
96.3,male,BB,-,BB,-,-,-,-,-,-,-,BB,-,BB,-,-,-,-,-,-
96.5,male,BB,-,BB,-,-,-,-,-,-,-,BB,-,BB,-,-,-,-,-,-
107,male,BA,-,BA,-,-,-,-,-,-,-,BB,-,BB,-,-,-,-,-,-
97.2,male,BB,-,BB,-,-,-,-,-,-,-,BA,BB,BB,-,-,-,-,-,-
98.2,male,BA,-,BB,-,-,-,-,-,-,-,BA,-,BA,-,-,-,-,-,-
105.5,male,BB,-,BB,-,-,-,-,-,-,-,BA,-,BA,-,-,-,-,-,-
100.3,male,BA,-,BA,-,-,-,-,-,-,-,BA,-,BA,-,-,-,-,-,-
94.4,male,BB,-,BB,-,-,-,-,-,-,-,BA,BB,BB,-,-,-,-,-,-
104.9,male,BA,-,BA,-,-,-,-,-,-,-,BA,BB,BB,-,-,-,-,-,-
96.4,male,BB,-,BB,-,-,-,-,-,-,-,BA,-,BA,-,-,-,-,-,-
103.1,male,BB,-,BB,-,-,-,-,-,-,-,BB,-,BB,-,-,-,-,-,-
104.1,male,BB,-,BB,-,-,-,-,-,-,-,BA,-,BA,-,-,-,-,-,-
109.2,male,BB,-,BB,-,-,-,-,-,-,-,BB,-,BB,-,-,-,-,-,-
94.1,male,BB,-,BB,-,-,-,-,-,-,-,BB,-,BB,-,-,-,-,-,-
98.7,male,BA,-,BA,-,-,-,-,-,-,-,BB,-,BB,-,-,-,-,-,-
103.4,male,BB,-,BB,-,-,-,-,-,-,-,BA,BB,BB,-,-,-,-,-,-
99.5,male,BB,-,BA,-,-,-,-,-,-,-,BA,BB,BB,-,-,-,-,-,-
101.2,male,BA,-,BA,-,-,-,-,-,-,-,BA,BB,BB,-,-,-,-,-,-
99.4,male,BA,-,BA,-,-,-,-,-,-,-,BA,BB,BB,-,-,-,-,-,-
105.7,male,BA,-,BA,-,-,-,-,-,-,-,BA,-,BA,-,-,-,-,-,-
98.9,male,BA,-,BA,-,-,-,-,-,-,-,BB,-,BB,-,-,-,-,-,-
98.6,male,BA,-,BA,-,-,-,-,-,-,-,BA,-,BA,-,-,-,-,-,-
99,male,BB,-,BA,-,-,-,-,-,-,-,BA,-,BA,-,-,-,-,-,-
105.9,male,BA,-,BA,-,-,-,-,-,-,-,BB,-,BB,-,-,-,-,-,-
102.3,male,BB,-,BA,-,-,-,-,-,-,-,BA,-,BA,-,-,-,-,-,-
102.8,male,BB,-,BB,-,-,-,-,-,-,-,BA,BB,BB,-,-,-,-,-,-
101.7,male,BA,-,BA,-,-,-,-,-,-,-,BA,-,BA,-,-,-,-,-,-
105.8,male,BA,-,BA,-,-,-,-,-,-,-,BA,BA,BB,-,-,-,-,-,-
99,male,BA,-,BB,-,-,-,-,-,-,-,BA,-,BA,-,-,-,-,-,-
95.7,male,BA,-,BB,-,-,-,-,-,-,-,BA,-,BA,-,-,-,-,-,-
94.7,male,BB,-,BB,-,-,-,-,-,-,-,BA,-,BA,-,-,-,-,-,-
107.5,male,BB,-,BB,-,-,-,-,-,-,-,BA,-,BA,-,-,-,-,-,-
105,male,BA,-,BA,-,-,-,-,-,-,-,BB,BB,BA,-,-,-,-,-,-
94.1,male,BA,-,BA,-,-,-,-,-,-,-,BB,-,BB,-,-,-,-,-,-
108.7,male,BA,-,BA,-,-,-,-,-,-,-,BA,BA,BB,-,-,-,-,-,-
98.1,male,BB,-,BA,-,-,-,-,-,-,-,BA,-,BA,-,-,-,-,-,-
104.9,male,BA,-,BA,-,-,-,-,-,-,-,BB,BB,BA,-,-,-,-,-,-
95.1,male,BA,-,BA,-,-,-,-,-,-,-,BB,-,BB,-,-,-,-,-,-
94.7,male,BB,BA,BA,-,-,-,-,-,-,-,BB,-,BB,-,-,-,-,-,-
108.6,male,BB,-,BB,-,-,-,-,-,-,-,BA,BA,BB,-,-,-,-,-,-
97.6,male,BB,-,BB,-,-,-,-,-,-,-,BA,-,BA,-,-,-,-,-,-
96.7,male,BB,-,BB,-,-,-,-,-,-,-,BA,-,BA,-,-,-,-,-,-
96,male,BA,-,BA,-,-,-,-,-,-,-,BB,-,BB,-,-,-,-,-,-
107.7,male,BA,-,BA,-,-,-,-,-,-,-,BB,BB,BA,-,-,-,-,-,-
96.9,male,BB,-,BB,-,-,-,-,-,-,-,BA,BA,BB,-,-,-,-,-,-
96,male,BA,-,BA,-,-,-,-,-,-,-,BA,-,BA,-,-,-,-,-,-
99.5,male,BB,-,BB,-,-,-,-,-,-,-,BB,BB,BA,-,-,-,-,-,-
100.6,male,BA,-,BA,-,-,-,-,-,-,-,BB,-,BB,-,-,-,-,-,-
100.5,male,BA,-,BB,-,-,-,-,-,-,-,BB,-,BB,-,-,-,-,-,-
103.6,male,BB,-,BA,-,-,-,-,-,-,-,BA,BA,BB,-,-,-,-,-,-
107.6,male,BB,-,BB,-,-,-,-,-,-,-,BA,-,BA,-,-,-,-,-,-
99.5,male,BA,-,BA,-,-,-,-,-,-,-,BB,-,BB,-,-,-,-,-,-
101.1,male,BA,-,BA,-,-,-,-,-,-,-,BA,-,BA,-,-,-,-,-,-
96.1,male,BA,-,BA,-,-,-,-,-,-,-,BB,-,BB,-,-,-,-,-,-
103.7,male,BB,-,BB,-,-,-,-,-,-,-,BB,-,BB,-,-,-,-,-,-
95.5,male,BA,-,BA,-,-,-,-,-,-,-,BB,-,BB,-,-,-,-,-,-
94.3,male,BA,-,BA,-,-,-,-,-,-,-,BA,-,BA,-,-,-,-,-,-
107.5,male,BA,-,BA,-,-,-,-,-,-,-,BA,-,BA,-,-,-,-,-,-
102.7,male,BB,-,BB,-,-,-,-,-,-,-,BB,-,BB,-,-,-,-,-,-
96.6,male,BB,-,BB,-,-,-,-,-,-,-,BA,-,BA,-,-,-,-,-,-
105.9,male,BA,-,BA,-,-,-,-,-,-,-,BA,-,BA,-,-,-,-,-,-
101.6,male,BB,-,BB,-,-,-,-,-,-,-,BB,-,BB,-,-,-,-,-,-
105.6,male,BB,-,BB,-,-,-,-,-,-,-,BA,-,BA,-,-,-,-,-,-
102,male,BB,-,BB,-,-,-,-,-,-,-,BA,-,BA,-,-,-,-,-,-
105.9,male,BA,-,BA,-,-,-,-,-,-,-,BA,-,BA,-,-,-,-,-,-
102.3,male,BB,-,BB,-,-,-,-,-,-,-,BB,-,BB,-,-,-,-,-,-
105.2,male,BA,-,BA,-,-,-,-,-,-,-,BB,-,BB,-,-,-,-,-,-
103.3,male,BA,-,BA,-,-,-,-,-,-,-,BB,-,BB,-,-,-,-,-,-
105.6,male,BA,-,BA,-,-,-,-,-,-,-,BA,-,BA,-,-,-,-,-,-
96.4,male,BB,-,BB,-,-,-,-,-,-,-,BA,-,BA,-,-,-,-,-,-
98.2,male,BA,-,BA,-,-,-,-,-,-,-,BA,-,BA,-,-,-,-,-,-
103.4,male,BB,-,BB,-,-,-,-,-,-,-,BA,-,BA,-,-,-,-,-,-
93.8,male,BA,-,BB,-,-,-,-,-,-,-,BA,-,BA,-,-,-,-,-,-
104.1,male,BB,-,BB,-,-,-,-,-,-,-,BA,-,BA,-,-,-,-,-,-
95.3,male,BB,-,BB,-,-,-,-,-,-,-,BB,-,BB,-,-,-,-,-,-
96.9,male,BB,-,BB,-,-,-,-,-,-,-,BB,-,BB,-,-,-,-,-,-
107.6,male,BB,-,BB,-,-,-,-,-,-,-,BB,-,BB,-,-,-,-,-,-
107.3,male,BB,-,BB,-,-,-,-,-,-,-,BA,-,BA,-,-,-,-,-,-
103.3,male,BA,-,BA,-,-,-,-,-,-,-,BA,-,BA,-,-,-,-,-,-
99.6,male,BB,-,BA,-,-,-,-,-,-,-,BA,-,BA,-,-,-,-,-,-
107.5,male,BB,-,BB,-,-,-,-,-,-,-,BA,-,BA,-,-,-,-,-,-
95.1,male,BA,-,BA,-,-,-,-,-,-,-,BB,-,BB,-,-,-,-,-,-
98.1,male,BB,-,BB,-,-,-,-,-,-,-,BA,-,BA,-,-,-,-,-,-
106.6,male,BA,-,BA,-,-,-,-,-,-,-,BA,-,BA,-,-,-,-,-,-
100.6,male,BA,-,BA,-,-,-,-,-,-,-,BA,-,BA,-,-,-,-,-,-
98.7,male,BA,-,BA,-,-,-,-,-,-,-,BA,-,BA,-,-,-,-,-,-
97.5,male,BB,-,BB,-,-,-,-,-,-,-,BB,-,BB,-,-,-,-,-,-
100.7,male,BB,-,BB,-,-,-,-,-,-,-,BB,BB,BB,-,-,-,-,-,-
100,male,BA,-,BB,-,-,-,-,-,-,-,BA,-,BA,-,-,-,-,-,-
106.7,male,BB,-,BB,-,-,-,-,-,-,-,BB,BA,BA,-,-,-,-,-,-
108.2,male,BB,-,BB,-,-,-,-,-,-,-,BB,-,BB,-,-,-,-,-,-
106.7,male,BA,-,BA,-,-,-,-,-,-,-,BB,-,BB,-,-,-,-,-,-
105.4,male,BA,-,BA,-,-,-,-,-,-,-,BA,BB,BB,-,-,-,-,-,-
103,male,BB,-,BB,-,-,-,-,-,-,-,BB,BA,BA,-,-,-,-,-,-
96.6,male,BB,-,BB,-,-,-,-,-,-,-,BB,BB,BB,-,-,-,-,-,-
108.7,male,BB,-,BA,-,-,-,-,-,-,-,BB,-,BB,-,-,-,-,-,-
108.7,male,BA,-,BA,-,-,-,-,-,-,-,BA,BA,BA,-,-,-,-,-,-
107.2,male,BA,-,BB,-,-,-,-,-,-,-,BB,BA,BA,-,-,-,-,-,-
101.2,male,BA,-,BB,-,-,-,-,-,-,-,BB,-,BB,-,-,-,-,-,-
98.4,male,BB,-,BB,-,-,-,-,-,-,-,BB,BB,BA,-,-,-,-,-,-
105.8,male,BA,-,BA,-,-,-,-,-,-,-,BA,-,BA,-,-,-,-,-,-
109.1,male,BB,-,BB,-,-,-,-,-,-,-,BB,-,BB,-,-,-,-,-,-
95.1,male,BB,-,BA,-,-,-,-,-,-,-,BB,-,BB,-,-,-,-,-,-
104.3,male,BA,-,BA,-,-,-,-,-,-,-,BB,-,BB,-,-,-,-,-,-
101.6,male,BB,-,BB,-,-,-,-,-,-,-,BB,BB,BA,-,-,-,-,-,-
95.6,male,BA,-,BA,-,-,-,-,-,-,-,BB,-,BB,-,-,-,-,-,-
109.2,male,BB,-,BB,-,-,-,-,-,-,-,BB,-,BB,-,-,-,-,-,-
109.3,male,BB,-,BB,-,-,-,-,-,-,-,BA,-,BA,-,-,-,-,-,-
98.8,male,BA,-,BB,-,-,-,-,-,-,-,BB,BB,BA,-,-,-,-,-,-
116.2,male,BA,-,BB,-,-,-,-,-,-,-,BB,-,BB,-,-,-,-,-,-
100.8,male,BA,-,BB,-,-,-,-,-,-,-,BA,-,BA,-,-,-,-,-,-
106.7,male,BB,-,BB,-,-,-,-,-,-,-,BA,-,BA,-,-,-,-,-,-
98.5,male,BB,BB,BA,-,-,-,-,-,-,-,BA,-,BA,-,-,-,-,-,-
