T264,sex,D10M44,D1M3,D1M75,D1M215,D1M309,D1M218,D1M451,D1M504,D1M113,D1M355,D1M291,D1M209,D1M155,D2M365,D2M37,D2M396,D2M493,D2M226,D2M148,D3M265,D3M51,D3M106,D3M257,D3M147,D3M19,D4M2,D4M178,D4M187,D4M251,D5M148,D5M232,D5M257,D5M83,D5M307,D5M357,D5M205,D5M398,D5M91,D5M338,D5M188,D5M29,D5M168,D6M223,D6M188,D6M284,D6M39,D6M254,D6M194,D6M290,D6M25,D6M339,D6M59_,D6M201,D6M15,D6M294,D7M246,D7M145,D7M62,D7M126,D7M105,D7M259,D8M94,D8M339,D8M178,D8M242,D8M213,D8M156,D9M247,D9M328,D9M106,D9M269,D9M346,D9M55,D9M18,D10M298,D10M294,D10M42_,D10M10,D10M233,D11M78,D11M20,D11M242,D11M356,D11M327,D11M333,D12M105,D12M46,D12M34,D12M5,D12M99,D12M150,D13M59,D13M88,D13M21,D13M39,D13M167,D13M99,D13M233,D13M106,D13M147,D13M226,D13M290,D13M151,D14M14,D14M115,D14M265,D14M266,D15M226,D15M100,D15M209,D15M144,D15M68,D15M239,D15M241,D15M34,D16M154,D16M4,D16M139,D16M86,D17M260,D17M66,D17M88,D17M129,D18M94,D18M58,D18M106,D18M186,D19M68,D19M117,D19M65,D19M10,DXM186,DXM64
,,1,1,1,1,1,1,1,1,1,1,1,1,1,2,2,2,2,2,2,3,3,3,3,3,3,4,4,4,4,5,5,5,5,5,5,5,5,5,5,5,5,5,6,6,6,6,6,6,6,6,6,6,6,6,6,7,7,7,7,7,7,8,8,8,8,8,8,9,9,9,9,9,9,9,10,10,10,10,10,11,11,11,11,11,11,12,12,12,12,12,12,13,13,13,13,13,13,13,13,13,13,13,13,14,14,14,14,15,15,15,15,15,15,15,15,16,16,16,16,17,17,17,17,18,18,18,18,19,19,19,19,X,X
,,0,0.996753647567893,24.8477328902888,40.4136087206592,49.9946793020062,52.8001988586776,70.1120379814517,70.8064156306376,80.6232356292321,81.3962314214364,84.9347425027279,92.6839377964176,93.6434358400943,0,27.941706414663,47.1054125782618,67.2618485761559,77.3980531481068,90.8562972402448,0,32.4783882460445,43.938030995679,57.5933777905742,63.1853999376793,70.8389991865939,0,19.1607206397067,35.3208563789707,68.1031576960915,0,6.10396051323126,19.2233538427443,19.5488256682207,23.7171414293965,25.500092318175,30.8966519238935,30.8976519238936,32.9052186803925,38.0680740354879,44.0237627365288,50.984706903428,61.8761342307147,10.0000000000001,18.1875356966259,23.8721814288208,31.0941021022823,41.7950551063191,45.1457922698184,47.5298992775003,51.2473598544474,51.6507276214328,55.304776117994,59.0098814969712,59.3708928482738,60.7624381416536,0,18.7885087410974,34.9106206239396,41.0304769013313,60.1140878041823,72.084242243197,0,1.33986988532724,11.4209115841244,27.1406583912564,32.9862459191393,50.8636380045854,0,4.2182318272098,14.7156489958605,27.3241659067661,32.9564394635173,45.335668616331,52.5040373556876,0,24.7474503771301,40.7098270485418,48.7300442202206,61.0562129090755,0,15.1539431144786,26.4214862726194,38.5214526769521,42.1613923826994,64.3448089231657,0,6.17921240244515,21.5805108470256,29.0840434718508,41.7956887448623,54.4558222235371,0,0.286751028919763,10.3658829199675,13.0498271919711,13.0508271919713,18.9088377210733,21.0125845837203,24.8753086505411,26.1595405358505,28.392702216955,28.3937022169552,35.9870719678444,0,23.9074712135571,32.7867881530544,45.5502176988234,0,13.4619485111872,18.7908094097869,19.3647261895782,23.9137276691196,25.1265015478555,31.2760650745495,42.9720699051009,0,16.7668399406975,26.2313473398227,41.799010317704,0,11.7282258301665,17.3352741930733,38.8480650158811,0,0.685599469574373,16.9838629254583,20.8998971606197,0,16.3639828237461,32.8293489899814,44.4943174071775,0,42.3459319513846
118.317,female,BB,BB,BB,CB,CB,CB,BB,BB,CB,CB,CB,CB,CB,CB,CC,CC,-,CC,CC,BB,BB,BB,BB,BB,BB,CC,CB,CC,CB,CC,CC,CB,CB,CB,CB,CB,-,CB,CB,CB,BB,BB,CC,CC,CB,CB,CB,CB,CB,CB,CB,BB,BB,BB,BB,BB,BB,CB,CB,CB,CB,CB,CB,CB,CB,BB,BB,BB,BB,CB,CB,CB,CB,CB,CB,CB,BB,BB,BB,CB,CB,CB,CC,CC,CB,BB,BB,BB,BB,BB,BB,not CC,-,CB,CB,CB,CC,CC,CC,CC,CC,CC,CC,BB,BB,CB,CB,CC,CB,CB,CB,CB,CB,CB,CB,CC,CC,CC,CC,CB,CB,CB,CB,BB,BB,BB,BB,CB,CB,CB,not CC,CB,CB
264,female,-,BB,BB,BB,CB,CB,CB,CB,CB,CB,CB,CB,CB,BB,BB,CB,-,CB,CC,BB,BB,BB,CB,CB,CB,CB,CB,CB,CB,CB,CB,CB,CB,CB,CB,CB,-,CB,CB,BB,BB,BB,CC,CC,CC,CC,CC,CC,CC,CC,CC,CB,CB,CB,CB,CB,BB,BB,BB,BB,BB,CB,CB,CB,BB,BB,BB,CB,CC,CC,CB,CB,CB,CB,CC,CC,CC,CC,CC,CC,CC,CC,CC,CC,CC,CC,CC,CB,BB,BB,CB,CC,CC,CB,CB,CB,CB,-,CB,CB,CB,CB,CB,CC,BB,BB,BB,BB,CB,CB,CB,CB,CB,CB,CB,CB,CB,CB,CC,CB,CB,CB,CB,BB,BB,CB,CB,CC,CB,CB,not CC,CB,CB
194.917,female,-,CB,CB,CB,CB,CB,CB,CB,BB,BB,BB,BB,BB,CB,CB,CB,-,-,CB,CB,CB,CB,CB,BB,BB,CC,CC,CB,CB,CC,CC,CC,CC,CB,CB,CB,-,CB,CB,CB,CB,CC,CB,CB,CB,CB,BB,BB,BB,BB,BB,BB,BB,BB,BB,CC,CC,CC,CC,CC,CC,CB,CB,CB,BB,CB,CB,BB,BB,BB,BB,BB,BB,BB,CB,CC,CC,CC,CC,CB,CB,CB,CB,CB,CB,BB,BB,CB,CB,CB,BB,CC,CC,CC,CC,CC,CC,CC,CB,CB,CB,CB,CB,BB,BB,BB,CB,BB,BB,BB,BB,BB,BB,BB,BB,BB,BB,BB,BB,CC,CC,CC,CC,CB,CB,BB,BB,CB,CB,CC,CC,CB,CB
264,female,BB,BB,CB,CB,CB,CB,BB,BB,BB,BB,BB,BB,BB,CC,-,CC,-,CB,CB,BB,CB,CB,CB,CB,CB,CB,CB,CB,CB,-,CB,CC,CC,CC,CC,CC,-,CC,CC,CC,CC,CC,CB,CB,CB,CB,CB,CB,CB,CB,CB,CB,BB,BB,BB,BB,BB,BB,BB,BB,CB,BB,BB,BB,BB,BB,CB,CB,CB,CB,CB,CB,CB,CB,CC,CB,BB,CB,CB,BB,BB,BB,BB,BB,CB,CC,CC,CB,CC,CC,CC,not CC,CB,CB,CB,CB,CB,CB,CB,CB,CB,CB,CB,CB,CC,CC,CB,CB,BB,CB,CB,CB,CB,CC,CC,CC,CB,CB,BB,CC,CB,CB,BB,CC,CC,CC,CC,BB,CB,CB,not CC,CB,CC
145.417,female,CB,CB,CB,CB,BB,CB,CB,CB,CB,CB,CB,CB,CB,BB,CB,CB,-,-,CB,BB,CC,CC,CC,CC,CC,CC,CC,CC,CB,-,CC,CC,CC,CC,CC,-,-,CB,CB,CB,CB,CB,CC,CC,CC,CC,CC,CC,-,CB,CB,CB,CB,CB,CB,BB,CB,CC,CC,CB,CB,CC,CC,CC,CC,CC,CB,BB,BB,BB,CB,CB,CB,CB,CC,CB,CB,CB,CB,BB,BB,BB,BB,BB,CB,CC,CC,CC,CC,CC,CC,not CC,CB,CB,CB,CB,CB,CB,CB,CB,CB,CB,CB,CB,CB,CB,CB,CC,CC,CC,CC,CC,CC,CC,CC,CC,BB,BB,BB,CC,CC,CC,CB,CC,CC,CC,CC,CB,CC,CC,not CC,CC,CC
177.233,female,CB,CB,BB,BB,BB,BB,BB,BB,BB,BB,BB,BB,BB,CB,CC,CC,CC,-,CC,BB,BB,BB,BB,BB,BB,CB,CB,CB,CB,CC,CC,CC,CC,CC,CC,CB,-,CB,CB,CB,-,CB,CC,CC,CC,CB,BB,BB,BB,BB,BB,BB,BB,BB,BB,CC,CC,CC,CC,CC,CC,CB,CB,BB,BB,BB,CB,CB,CB,CB,CB,CB,CB,CB,CB,CB,CB,CB,CB,CB,BB,BB,BB,BB,BB,BB,BB,CB,CB,CB,CB,not CC,CB,-,CB,CB,CB,CB,CB,CB,CB,CB,CB,CC,CC,CC,CC,CB,CB,BB,BB,BB,BB,BB,BB,CB,CB,CB,CB,CB,CB,CB,BB,CB,CB,CB,CB,CC,CC,CC,not CC,CC,CB
264,female,CB,CB,CB,CB,CC,CC,CC,CC,CB,CB,CB,CB,CB,BB,BB,BB,BB,-,CB,BB,CB,CB,CB,CB,CB,CB,CB,CB,CB,CB,CC,CC,CC,CC,CC,CC,-,CC,CC,CC,-,CB,CB,CB,CB,CB,CB,CB,CB,BB,BB,BB,BB,BB,BB,CC,CC,CC,CB,CB,CB,BB,BB,BB,BB,BB,BB,BB,BB,BB,CC,CC,CC,CC,CB,CB,CB,CB,CB,CC,CC,CC,CB,CB,BB,BB,CB,CC,CC,CC,CC,not CC,CB,BB,BB,BB,BB,BB,BB,BB,BB,BB,BB,CC,CB,CB,CB,CC,CC,CC,CC,CC,CC,CC,-,BB,CB,CB,CB,CB,CC,CC,CB,CB,CB,BB,BB,BB,BB,CC,CC,CB,CB
76.667,female,CB,CB,CB,CB,CC,CC,CC,CC,CB,CB,CB,CB,CB,CB,CB,CC,-,CC,CC,CB,BB,CB,CB,CB,CB,CB,-,CB,BB,BB,BB,BB,BB,BB,BB,BB,-,BB,BB,CB,CB,CB,CC,CC,CC,CC,CB,CB,-,BB,BB,BB,BB,BB,BB,CB,CB,CB,CB,CB,BB,CC,CC,CB,CB,CB,CB,BB,BB,BB,BB,BB,BB,CB,CC,CC,-,CC,CC,CB,BB,CB,BB,BB,CB,CC,CB,CB,CB,CB,CB,not CC,CB,CB,CC,CC,CC,-,CC,CC,-,CC,CB,CB,BB,CB,CB,BB,BB,BB,BB,CB,CB,CB,CB,BB,BB,BB,BB,CB,CB,CB,CB,CC,CC,-,CB,CB,CB,CB,not CC,CC,-
90.75,female,CC,CC,CB,BB,BB,BB,CB,CB,CB,CB,CB,-,CB,CC,CB,CB,CB,CB,BB,CC,CB,CB,CC,CC,CC,CB,CB,CB,BB,CB,CB,CB,CB,CC,CC,CC,-,CC,CC,CC,-,CB,CB,CB,CB,CB,BB,BB,BB,CB,CB,CB,CB,CB,CB,BB,BB,BB,BB,BB,CB,BB,BB,-,BB,BB,CC,CB,CB,CB,CC,CC,CC,CC,CB,BB,BB,BB,BB,BB,BB,CB,CB,CB,CB,CC,CC,CB,CB,CB,CB,CC,CC,CC,CC,CC,CC,CC,CC,CC,CC,CC,CC,BB,BB,BB,BB,CB,CC,CC,CC,CC,CC,CC,CC,CB,BB,BB,BB,CC,CC,CB,CB,BB,BB,-,BB,CB,CB,CB,CC,CC,CB
76.167,female,BB,BB,CB,CB,CC,CC,CC,CC,CC,CC,CC,CC,CC,CC,CC,CB,CB,CB,CB,CC,CB,CB,CB,CB,CC,BB,CB,CB,CB,CB,CB,CB,CB,CB,CB,CB,-,CB,CB,CB,CB,CB,CB,CB,CB,CB,CB,CB,CB,CB,CC,CC,CC,CC,CC,CB,CC,CC,CC,CB,CB,BB,BB,BB,CB,CB,CB,BB,BB,BB,BB,BB,CB,CC,CC,CB,CB,CB,CB,CC,CB,CB,CB,CB,BB,CC,-,CC,CC,CC,CC,not CC,CB,CB,CB,CB,CB,CB,CB,CB,CB,CB,CB,CC,CB,BB,CB,CB,CB,CB,CB,CB,CB,CB,CB,BB,BB,BB,CB,CC,CC,CC,CC,CC,CC,CC,CC,CB,BB,BB,not CC,CB,CC
104.083,female,CC,CB,CB,CB,CB,CB,CB,CB,CB,CB,CB,-,CB,CC,CC,BB,BB,BB,BB,CB,CC,CC,CB,CB,CB,CB,CB,CB,BB,CB,CB,CB,CB,CB,CB,CB,-,CB,CB,CB,BB,BB,CB,CB,CB,CB,CB,CB,CC,CC,CC,CC,CC,CC,CC,CB,CC,CB,CB,CB,-,CC,CC,CC,CC,CC,CC,CB,CB,BB,BB,BB,BB,BB,CC,CB,CB,CB,CC,CC,CB,CB,CB,CB,CB,CC,CC,CC,CB,CB,BB,not CC,CB,CB,CB,CB,CB,CB,CB,CB,CB,CB,CB,BB,CB,CB,CB,CC,CC,CC,CC,CC,CC,CC,CB,BB,BB,BB,CB,CB,BB,BB,BB,CC,CC,CC,CC,BB,CB,CB,not CC,CC,CB
194.5,female,CC,CC,CB,CB,CB,CB,CB,CB,CB,CB,CB,CB,CB,BB,BB,CB,CB,CB,CB,CC,CB,BB,CB,CB,CB,CB,CB,BB,BB,BB,BB,BB,BB,BB,BB,BB,-,BB,BB,BB,BB,BB,CB,CB,CB,CB,CB,CB,CB,CB,CB,CB,CB,CB,CB,CB,CB,CB,-,CB,CB,CB,CB,CB,BB,BB,CB,CC,CC,CC,CC,CC,CC,CC,BB,BB,BB,BB,BB,BB,BB,BB,BB,BB,CB,CB,CC,CC,CC,CC,CB,CC,-,CC,CC,CC,CC,CC,CB,CB,-,CB,CB,BB,BB,BB,BB,CB,CB,CB,CB,CB,CB,CB,CB,BB,BB,BB,CB,CB,CB,CB,CB,CB,CB,CB,CB,CC,CC,CB,not CC,CB,CB
75.917,female,CC,CC,CB,CB,CB,CB,BB,BB,BB,BB,BB,-,BB,CB,CB,CB,CB,CB,CB,CC,CC,CC,CC,CC,CC,CB,CB,CB,CC,CB,CB,CB,CB,CB,CB,CB,-,CB,CB,CB,-,CB,BB,CB,CB,CB,CB,CB,CB,CB,CB,CB,CB,CB,CB,CC,CB,CB,CB,CB,CB,CB,CB,CB,CB,CB,CB,CB,CB,CB,CC,CC,CC,CC,CB,CC,CB,CB,CB,CC,CC,CC,CC,CC,CB,CC,CC,CC,-,CC,CB,not CC,CB,CC,CC,CC,CC,CC,CC,CC,CB,CB,CB,BB,BB,BB,BB,CC,CC,CC,CC,CC,CB,CB,CB,BB,CB,CB,CB,CB,CB,CB,CB,CB,CB,CB,CB,CC,CC,CC,CC,CB,CB
75.833,female,CB,CB,CC,CC,CC,CC,CC,CC,CC,CC,CC,CC,CC,CB,BB,BB,CB,-,CB,BB,CB,CB,CB,BB,CB,CB,CB,CB,CB,BB,BB,BB,BB,BB,BB,BB,-,BB,BB,BB,-,CB,CB,BB,BB,BB,BB,BB,BB,BB,BB,BB,BB,BB,BB,BB,BB,CB,-,CB,CB,CC,CC,CC,CC,CC,CB,BB,BB,BB,BB,BB,BB,CB,BB,CB,CB,CB,CB,BB,CB,CB,CB,CB,CC,CB,CB,CB,CB,CB,BB,not CC,BB,BB,BB,BB,BB,BB,BB,BB,BB,BB,BB,CB,CB,CB,CB,CB,BB,BB,BB,BB,BB,BB,BB,CB,CC,CC,CC,BB,BB,BB,BB,CC,CC,-,CB,CB,BB,-,not CC,CC,CB
90.25,female,CC,CC,CB,CB,CB,CB,CB,CB,CB,CB,CB,CB,CB,CB,CB,CC,CC,CB,CB,BB,BB,BB,BB,BB,BB,CB,CB,BB,BB,CC,CC,CB,CB,CB,CB,CB,-,CB,CB,CB,CB,CB,CB,CB,CB,CC,CC,CC,CC,CC,CC,CC,CC,CC,CC,CC,CB,CB,CB,BB,CB,CB,CB,CB,CC,CC,CC,CB,CB,CC,CC,CC,CC,CC,CB,CC,CC,CC,BB,CB,CC,CC,CB,CC,CC,CB,CB,CB,CB,CB,CB,not CC,CB,CC,CC,CC,CC,CC,CC,CC,CB,CB,CB,CC,CC,CB,CB,-,-,CC,CC,CC,CC,CC,-,CB,CB,CB,CB,CB,CB,CB,CB,BB,BB,BB,BB,CB,CB,CB,CC,CC,CC
103.667,female,CB,CB,BB,BB,BB,BB,CB,CB,CB,CB,CB,CC,CC,BB,BB,CB,CB,CC,CC,CB,-,CB,CB,CB,CB,BB,BB,BB,BB,CB,BB,BB,BB,BB,BB,BB,-,BB,BB,BB,BB,CB,CB,CB,CB,CB,CB,BB,-,BB,BB,BB,BB,BB,BB,BB,BB,BB,BB,BB,BB,BB,BB,BB,BB,BB,CB,CB,CB,CB,CB,CB,CB,CB,CB,CB,CB,BB,BB,CB,CB,BB,CB,CB,BB,CB,CB,CB,CB,CB,CB,CC,CC,CC,CC,CC,CB,CB,CB,CB,CB,CB,CB,BB,CC,CC,CB,-,CC,CC,CC,CC,CC,CC,CC,BB,BB,BB,CB,BB,BB,CB,CB,BB,-,-,BB,BB,BB,BB,not CC,CC,CC
128.4,female,CC,CC,CC,CC,CC,CC,CB,CB,CB,CB,CB,CB,CB,CB,BB,CB,-,CB,CB,BB,-,CC,CC,CC,CC,BB,CB,CB,CB,CB,CB,CB,CB,BB,BB,BB,-,BB,BB,BB,BB,BB,CB,CB,BB,BB,BB,BB,BB,BB,BB,CB,CB,CB,CB,CC,CB,CB,CB,BB,CB,BB,BB,BB,BB,BB,CB,BB,BB,CB,CB,CB,CC,CC,CC,CC,CC,CC,CB,CC,CC,CC,CC,CC,BB,CC,CC,CC,CC,CC,CC,not CC,BB,BB,BB,BB,BB,BB,BB,BB,BB,BB,BB,CC,CC,CC,CB,CB,CC,CC,CC,CC,CC,CC,-,BB,CB,CB,CC,CC,CC,CC,CC,CC,-,-,CC,CB,-,CC,CC,CC,CB
122.25,female,BB,BB,CB,CB,-,CB,CB,CB,CB,CB,CB,BB,BB,BB,BB,CB,CB,CB,BB,CC,CC,CC,CB,CB,CB,CC,CB,CB,CB,CB,CB,CB,CB,CB,CB,CB,-,CB,CB,CB,CB,CB,CC,CC,CC,CC,CB,CB,CB,CB,CB,CB,CB,CB,CB,CB,CB,CB,BB,BB,BB,CB,CC,CC,CC,-,CC,CC,CC,CC,CB,CB,BB,BB,BB,BB,CC,CC,CC,CB,CB,-,CB,CB,CB,CC,CC,CC,CB,CB,CB,not CC,BB,BB,BB,BB,BB,BB,BB,BB,-,BB,BB,CB,CB,CB,CB,CB,CB,CB,CB,CB,CB,CB,CB,CC,CC,CC,CC,CC,CB,CB,CB,CB,CB,-,BB,CB,-,CB,CC,CC,CC
264,female,CB,CB,CC,CB,CB,CB,BB,BB,BB,BB,BB,-,BB,CB,CB,CC,CC,CC,CB,CC,CC,CB,CC,CB,CC,CC,-,CB,CC,CC,CC,CC,CC,CC,CC,CC,-,CC,CC,CC,-,CC,CB,CB,CC,CB,CB,CB,CB,CB,CB,CB,BB,BB,BB,CB,CB,CB,CB,CC,CC,BB,BB,BB,CB,CB,CC,CC,CC,CC,CB,CB,CB,CB,CB,BB,BB,BB,BB,BB,BB,CB,CB,CB,CB,CB,CB,CB,CB,CB,CC,not CC,BB,BB,BB,BB,BB,BB,CB,CB,CB,CB,CB,CC,CB,CB,BB,CB,CC,CC,CC,CC,CC,CC,-,CB,BB,BB,BB,BB,BB,-,CB,CB,CB,-,CB,BB,BB,BB,-,CC,CB
72.6,female,CB,CB,CB,CB,CC,CC,CC,CC,CC,CC,-,CB,CB,CB,CB,CB,CC,CC,CC,CC,CC,CC,CC,-,CC,CC,CB,CB,CB,BB,CB,CB,CB,CB,CB,CB,-,CB,CC,CC,CC,CC,BB,BB,BB,BB,CB,CB,CB,CB,CB,CB,CB,CB,CB,CB,CB,BB,BB,CB,CB,BB,BB,BB,CB,CB,-,CB,CB,CB,CB,CB,CC,CC,CB,BB,BB,BB,CB,CB,BB,BB,BB,BB,BB,BB,BB,BB,BB,CB,-,not CC,CB,CB,CB,CB,CC,CC,CC,CC,CC,CC,CC,BB,CB,CC,CC,BB,BB,BB,BB,BB,BB,CB,CB,CB,CB,CC,CC,CB,CB,CB,BB,CC,CC,-,CC,BB,BB,BB,not CC,CC,CB
264,female,CB,CB,CB,CC,CC,CC,CC,CC,CB,CB,CB,CB,CB,CB,CB,CC,CC,CC,BB,BB,CB,CB,CB,CB,CB,CB,CB,CB,CB,CB,CB,CC,CC,CC,CC,CC,-,CC,CC,CC,-,CC,BB,CB,CB,CB,CB,CB,CB,CB,CB,CB,CB,CB,CB,CB,CB,CC,CC,CC,CB,CC,CC,CC,CB,CB,BB,CB,CB,CB,CC,CC,CC,CC,CB,CB,CB,CB,CB,CC,CC,CB,CB,CB,CB,CC,CC,CC,CC,BB,BB,not CC,CB,CB,CB,CB,CB,CB,CB,CB,CB,CB,CB,BB,CB,CC,CC,BB,BB,BB,BB,CB,CB,CB,CB,CB,CB,CC,CC,BB,BB,BB,CB,CB,CB,-,CB,CB,CB,CB,not CC,CB,CC
264,female,BB,BB,CB,CB,CB,CB,CB,CB,CB,CB,CB,-,CB,CB,CB,CB,CB,CC,CC,CB,BB,BB,BB,CB,CB,BB,BB,BB,BB,CC,CC,CB,CB,CB,CB,CB,-,CB,CB,CB,-,BB,CB,CB,CB,CB,BB,BB,BB,BB,BB,BB,BB,BB,BB,CB,CB,CB,CC,CC,CC,CB,CB,BB,BB,BB,BB,CC,CC,CC,CB,BB,BB,BB,CC,CC,CC,CC,CC,CB,CB,BB,BB,BB,BB,BB,BB,CB,CB,CB,CB,not CC,CB,-,CB,CB,CB,CB,CB,CB,CB,CB,CC,CB,CC,CC,CB,CB,CB,CB,CB,CB,CB,CB,CB,CC,CC,CB,CB,CB,CB,CB,-,CB,-,-,CB,CC,CC,CC,CC,CB,CC
264,female,CC,CC,CC,CC,CC,CC,CB,CB,BB,BB,BB,BB,BB,-,CC,CC,CC,CC,CB,CC,CB,CB,CC,CC,CC,BB,BB,BB,CB,CC,CC,CC,CC,CC,CC,CC,-,CC,CB,CB,CB,CC,CB,CB,CB,CB,CB,CB,CB,CB,CB,CB,CB,CB,CB,CC,CB,BB,BB,BB,CB,CC,CC,CB,CB,CB,CB,CB,CB,CB,CB,CB,CB,CB,CB,CB,CB,-,CC,CB,CB,CB,CB,CB,CB,CC,CC,CC,CC,CB,CB,not CC,-,CB,CB,CB,CB,CB,CB,CB,CB,CB,CB,CC,CC,CC,CC,CB,CC,CC,CC,CC,CC,CC,CC,CC,CC,CC,CB,CB,CB,CB,CB,CC,CC,-,CC,CC,CC,CB,not CC,CC,CC
81.717,female,CB,CB,CB,-,CB,CB,CB,CB,CB,CB,CB,CB,CC,CB,CB,BB,BB,BB,CC,CB,CB,CB,CB,BB,BB,CB,CB,CC,BB,-,BB,BB,BB,BB,BB,BB,-,BB,CB,CB,CB,CB,CC,CC,CC,CC,CC,CC,CC,CC,CC,CC,CC,CC,CC,BB,CB,CB,-,CB,CC,CB,CB,CB,CB,CB,CB,CB,CB,CB,CB,CB,CB,CB,CB,CC,CB,CB,BB,BB,BB,BB,BB,BB,BB,CB,CB,CB,CB,CB,CB,not CC,-,CB,CB,CB,CC,CC,CC,CC,CC,CC,CC,CB,CB,CB,CB,BB,BB,BB,BB,BB,BB,BB,BB,CC,CC,CC,CC,CB,CB,CB,BB,CC,CC,-,CC,CB,CB,CB,not CC,CB,CB
264,female,-,CB,CB,CB,CB,CB,BB,BB,BB,BB,BB,BB,BB,CB,CC,CC,-,CB,CB,CC,CC,CC,CC,CC,CC,CB,CB,CB,CB,BB,-,BB,BB,CB,CB,CB,CB,CB,CC,CC,CC,CC,BB,BB,CB,CB,CB,CB,CB,CB,CB,CB,CB,CB,CB,CB,CB,CB,CB,BB,-,CC,CC,CC,CC,CB,BB,CB,CB,CB,CB,CB,CB,CB,CC,CC,CC,CB,CB,CB,CB,CB,BB,BB,CB,CB,CB,CB,CB,BB,BB,BB,BB,BB,BB,BB,BB,CB,CB,CB,CB,CB,CB,CB,CB,CB,CB,CB,CB,CB,CB,CB,CB,BB,BB,CB,CB,BB,BB,CB,CB,CB,BB,CB,CB,-,BB,CB,BB,CB,not CC,CC,CC
264,female,-,CB,BB,CB,CB,CB,CB,CB,CB,CB,CB,CB,CB,CC,BB,BB,-,CB,CC,CB,CB,CB,CB,CB,CB,CB,CB,BB,BB,BB,BB,CB,CB,CB,CB,CB,CB,CB,CB,CB,CB,CC,BB,BB,CB,CB,CB,CB,-,CB,CB,CB,-,CB,CB,CB,CC,BB,BB,CB,-,CB,CB,CB,CC,CC,CB,CB,CB,CB,CB,CB,CB,CB,BB,BB,BB,CB,CB,CB,CB,CB,CB,CB,CB,CC,CC,CC,CB,CB,CB,BB,BB,BB,BB,BB,CB,CB,CB,CB,CB,CB,CB,BB,CB,CB,CB,CC,CB,CB,CB,CB,CB,CB,CB,BB,BB,BB,BB,CB,CB,BB,CB,CB,CB,-,CB,BB,BB,CB,not CC,-,CB
116.483,female,-,CB,CB,CB,CB,CB,CB,CB,CB,CB,CB,CC,CC,CB,CB,CB,-,CB,CB,CC,CB,CB,CB,CB,CB,CC,-,CB,CB,CB,CB,CB,CB,CB,CB,CB,CB,CB,CB,CB,CB,CB,CC,CC,CC,CC,CB,CB,-,CB,CB,CB,CB,CB,CB,CB,CB,CB,CB,CB,BB,CB,BB,BB,BB,BB,CB,CC,CC,CC,CC,CC,CC,CC,CB,CB,CB,CB,CB,CB,CC,CC,CC,CC,CC,CB,CB,CB,CB,CB,CB,CB,CB,CB,BB,BB,BB,BB,BB,BB,BB,BB,BB,BB,CB,CB,CB,BB,BB,BB,BB,BB,BB,BB,CB,CC,CC,CC,CC,CC,CC,CC,CC,CC,CB,-,CB,CB,CB,BB,not CC,CC,CC
87.467,female,-,CB,CB,CC,CC,CC,CC,CC,CC,CC,CC,CC,CC,CB,CB,BB,-,CC,CC,CB,CC,CC,CC,CC,CB,CB,BB,CB,CB,BB,BB,BB,BB,BB,BB,BB,BB,BB,BB,BB,BB,BB,CC,CC,CC,CC,CB,CB,-,CB,CB,CB,CB,CB,CB,BB,CB,CB,CB,CC,-,BB,BB,BB,BB,BB,BB,CB,BB,BB,BB,BB,BB,CB,CC,CC,CB,CB,CB,CB,BB,BB,BB,BB,BB,CC,CC,CB,BB,BB,BB,CB,CB,CB,CB,CB,CB,CB,CB,CB,CB,CB,CB,BB,CB,CB,CB,CB,BB,BB,BB,BB,BB,BB,BB,CB,BB,BB,BB,BB,BB,BB,CB,CC,CC,-,CC,BB,CB,CB,not CC,CB,CC
264,female,CB,CB,CB,CC,-,CB,CB,CB,CB,CB,CB,CB,CB,-,CC,CB,CB,CB,BB,BB,BB,BB,CB,CB,CB,CC,CB,CB,CC,CC,CC,CC,CC,CC,CC,CC,CC,CC,CC,CB,-,CB,CB,CB,CB,BB,BB,BB,-,BB,BB,BB,BB,BB,BB,BB,BB,BB,BB,CB,CB,BB,BB,BB,BB,BB,CB,CB,CB,CB,CB,CB,CB,CB,CC,CB,CB,CB,BB,CB,BB,BB,BB,CB,CB,CB,CC,CC,CC,CB,CB,CB,CB,CB,CB,CB,CB,-,CB,CB,CB,CB,CB,CB,CB,CB,CB,BB,CB,CB,CB,CB,CB,CB,BB,CB,CB,CB,CB,CB,CB,CB,CC,CC,CC,-,CC,CB,CB,CB,not CC,CC,CB
-,female,CC,CC,CC,CB,CB,BB,CB,CB,CB,CB,CB,CB,CB,-,CB,CB,CB,-,CB,CB,BB,BB,CB,CB,CB,BB,CB,BB,CB,-,CB,CB,CB,CB,CB,CB,CB,CB,CB,CC,-,CB,CC,CB,CB,CB,CB,CB,-,CB,CB,CB,CB,CB,CB,CB,CC,CC,CC,CB,CB,CC,CC,CB,CB,BB,BB,BB,CB,CB,-,CB,CB,BB,CC,CB,CB,CB,CC,CB,CB,CB,CB,CB,CB,BB,CB,CB,CB,CB,CB,CC,CC,CC,CC,CC,CC,CC,CC,CC,CC,CC,CC,CB,CB,CB,CB,CB,CB,CB,CB,CB,CB,BB,BB,CC,CC,CC,CB,CB,CB,CB,BB,CB,CB,-,CB,CB,CB,CB,not CC,CB,CB
74.417,female,CC,CC,CB,CB,CB,CB,CC,CC,CC,CC,CC,CB,CB,BB,BB,BB,CB,CB,CC,CB,CC,CC,CB,CB,CB,CB,CB,BB,CB,CB,CB,CC,CC,CC,CC,CC,CC,CC,CC,CC,-,CC,BB,CB,CB,CB,CB,CB,-,CB,CB,CB,CB,-,CB,BB,BB,BB,BB,BB,BB,CB,CB,CB,CB,CB,CB,CC,CC,CC,CC,CB,CB,BB,CB,CB,CC,CC,CC,CC,CC,CB,CB,CB,CB,CC,CC,CC,CC,CC,CC,CC,CC,CC,CC,CC,CC,CC,CC,CC,CC,CC,BB,CB,CB,CB,CB,CB,CB,CB,CB,CB,CB,CB,CB,CC,CB,BB,BB,CB,CB,CB,BB,CC,CC,-,CC,CB,CB,CB,not CC,CB,CB
264,female,CC,CC,CB,CB,BB,BB,CB,CB,CB,CB,CC,CC,CC,-,CB,BB,BB,BB,CB,CB,CB,CB,CB,CB,CB,CB,CC,CC,CB,CC,CC,CC,CC,CC,CC,CC,CC,CC,CC,CB,CB,CB,CB,CB,CB,CB,CB,CB,-,BB,BB,BB,BB,BB,BB,CC,CC,CC,CC,CB,-,BB,BB,BB,CB,CB,-,CB,CB,CB,CC,CC,CC,CC,BB,CB,CB,CB,BB,CC,-,CB,CB,CC,CC,BB,BB,BB,BB,CC,CC,BB,BB,-,CB,CB,CB,-,CB,CB,CC,CB,CC,CB,BB,BB,CB,CC,CC,CB,CB,CB,CB,BB,CB,CB,CB,CB,CB,CC,CC,CB,CB,CC,CC,-,CC,CB,CB,CB,not CC,CB,CB
264,female,BB,BB,CB,CC,CC,CC,CC,CC,CB,CB,CB,CB,CB,BB,BB,BB,BB,CB,CB,BB,CB,CB,CC,CC,CC,CB,BB,BB,BB,CB,CB,CB,CB,CB,CB,CB,CB,CB,CB,CB,CB,BB,BB,BB,CB,CB,CC,CC,CC,CC,CC,CC,CC,CC,CC,BB,BB,BB,BB,BB,BB,BB,BB,BB,BB,BB,BB,CB,CB,CB,CB,CB,CB,CB,CC,CB,-,CB,CB,CB,CB,BB,BB,BB,BB,CB,CB,BB,BB,BB,BB,CC,CC,CC,CC,CC,CC,CC,CC,CC,CC,CC,CC,CB,CB,CB,CB,CB,CB,CB,CB,CB,CB,CB,CB,CB,CB,CB,CB,CB,CB,CB,CC,BB,BB,-,CB,CB,CB,CB,not CC,CB,CB
174.567,female,BB,BB,BB,BB,BB,BB,BB,BB,BB,BB,BB,BB,BB,BB,CB,CB,CC,CC,CB,CC,CB,CB,CB,CB,CB,BB,-,CB,BB,CB,CB,CB,CB,CB,CB,BB,CB,BB,BB,BB,BB,BB,CB,CB,CB,CB,CB,CB,-,CB,CB,CC,CC,CB,CB,CB,CB,CC,CC,CC,-,CB,CB,CB,CB,CB,-,CB,BB,BB,BB,BB,BB,BB,CC,CC,CC,CB,CB,CB,CB,CB,CB,CB,BB,CB,CB,CB,CB,CB,CB,CB,CB,-,CB,CB,CB,CB,CB,CB,CB,CB,CB,CB,CB,BB,BB,CC,CC,CC,CC,CC,CC,CC,CC,CC,CC,CC,CC,CB,CC,CB,CB,CB,CB,-,CB,BB,CB,CB,not CC,CB,CB
88.583,female,BB,BB,BB,BB,BB,BB,BB,BB,BB,BB,BB,CB,-,CB,CB,CB,CB,CC,CB,CB,CC,CB,CB,BB,BB,CB,BB,BB,BB,BB,BB,CB,CB,CB,CB,CB,CB,CB,CB,CB,CB,CB,CB,CB,CB,CB,CB,CB,CB,CB,CB,CB,CB,CB,CB,CB,CB,CB,CB,CB,-,BB,BB,-,BB,BB,BB,CB,BB,BB,BB,BB,BB,BB,BB,CB,CB,CB,CB,CB,CB,CB,CB,CC,CC,BB,BB,CB,CC,CB,CB,CC,CC,CC,CC,CC,CC,CC,CC,CC,-,CC,CB,CB,CB,CB,CB,CB,CB,CB,CB,CB,CB,CB,CB,CB,CC,CC,CC,BB,BB,BB,BB,BB,BB,-,BB,CB,CC,CC,not CC,CC,CB
264,female,CB,CB,BB,BB,BB,BB,BB,BB,BB,BB,BB,CB,-,CC,CB,CB,BB,BB,BB,CB,CB,CB,CB,CB,CB,CB,BB,BB,CB,CB,CB,CB,CB,CB,CB,CB,CB,CB,CB,CC,CC,CC,BB,CB,CB,CB,CB,CB,CB,CB,CB,CB,CB,CB,CB,CB,CB,CB,CB,BB,BB,CB,CB,CB,CB,CB,CB,CB,CB,CB,CB,CB,CB,BB,CB,BB,BB,BB,BB,CB,CB,CB,CB,CB,CB,CB,CB,CB,CB,CB,-,CB,CB,CB,CB,CB,BB,BB,BB,BB,-,BB,BB,CB,CB,CB,CB,BB,CB,CB,CB,CB,CB,CB,CC,CB,CB,CB,CB,CC,CC,CC,CC,CB,CB,-,CB,CB,CB,CC,CC,CC,CC
95,female,CB,CB,CB,CB,CB,CB,CB,CC,CC,CC,CC,CC,-,BB,CB,CB,CC,CC,CC,CB,CB,CB,CC,-,CC,CC,CC,CC,CC,BB,BB,BB,BB,BB,BB,BB,BB,BB,BB,BB,-,BB,CC,CC,CC,CB,CB,CB,CB,CB,CB,CB,CB,CB,CB,CB,CB,BB,BB,BB,BB,BB,CB,CB,CB,CC,CC,CB,CB,BB,BB,BB,BB,BB,CB,CB,CB,CB,CB,BB,BB,CB,CB,CB,CB,CB,CB,CB,CB,CB,CB,CC,CC,-,CC,CC,CC,CC,CC,CC,-,CC,CC,CC,CC,CC,CC,CB,CB,CC,CC,CC,CC,CC,CC,CC,CB,BB,BB,CB,CB,CB,CB,CB,CB,-,CC,CB,CB,CB,CC,CC,CB
264,female,BB,BB,BB,BB,BB,BB,CB,CB,CB,CB,CB,CB,-,CC,BB,BB,-,BB,BB,CC,CC,CC,CC,-,CB,CB,CB,CB,BB,CC,CB,CB,CB,CB,CB,CB,CB,CB,CB,CB,CB,CB,CB,BB,BB,BB,BB,BB,BB,BB,BB,BB,BB,BB,BB,BB,BB,BB,BB,BB,BB,CC,CC,CC,CC,CC,CB,CB,CB,CB,CB,CB,CB,CB,CB,CB,CB,BB,BB,CC,CC,CB,CB,CB,CB,CC,CC,CC,CC,CC,CB,CB,CB,CB,CB,CB,CB,CB,CB,CB,CB,CB,CB,CB,CB,CB,CB,CB,CB,CB,CB,CB,CB,CB,CB,BB,BB,BB,BB,CB,CB,CB,CB,BB,BB,-,BB,CB,CB,CB,not CC,CC,CC
86.05,female,BB,BB,CB,CB,CC,CC,CC,CC,CC,CC,CC,CC,-,CB,CB,BB,BB,BB,CB,CB,CB,CB,CB,-,CC,CB,CB,CB,CB,CC,CC,BB,BB,BB,BB,BB,BB,BB,BB,BB,BB,BB,CC,CB,CB,CB,CB,CB,CB,CB,CB,CB,CB,CB,CB,BB,BB,BB,BB,BB,CB,CB,CB,CB,CB,CB,CB,CB,CB,CB,CB,BB,BB,BB,CC,CB,CB,CB,BB,CC,CC,CC,CB,CB,CB,CB,CB,CB,CB,BB,BB,BB,BB,CB,CB,CB,CB,CB,CB,CB,-,CC,CC,CC,CC,CC,CB,-,BB,BB,BB,BB,BB,BB,CB,CB,CB,CB,CB,BB,BB,BB,BB,CB,-,-,CB,CC,CC,BB,not CC,CB,CB
71.517,female,CB,BB,BB,BB,BB,BB,BB,BB,BB,BB,BB,BB,BB,CC,CC,CC,CC,CB,CB,CC,-,CB,CB,CB,CB,CB,CB,BB,CB,BB,BB,BB,BB,BB,BB,BB,BB,BB,BB,BB,BB,BB,CB,CB,CB,CB,CB,CC,CC,CC,CC,CC,CC,CC,CC,CB,BB,BB,CC,CC,CC,CC,CC,CC,CB,CB,CB,BB,BB,BB,CB,CB,CB,CB,CB,CC,CC,CC,CC,CB,CB,CB,CB,CB,CB,CC,CC,CB,CB,CB,BB,CC,CC,CC,CC,CC,CC,CC,CC,CC,-,CC,CC,CB,CC,CC,CC,-,BB,BB,BB,BB,BB,BB,BB,CC,CC,CC,CC,CB,CB,CB,CB,CC,CC,-,CC,CB,CC,CC,CC,CC,CB
112.767,female,BB,BB,BB,BB,BB,BB,CB,CB,CB,CB,CB,-,CB,CB,CC,CC,CC,-,CC,CC,CB,CB,CB,CB,CB,CB,BB,BB,CB,BB,BB,BB,BB,BB,BB,BB,BB,BB,BB,BB,BB,BB,CB,CB,CB,CB,CB,CB,CB,CB,CB,CB,CB,CB,CB,CB,BB,BB,BB,BB,CB,CB,CB,CB,CC,CC,CB,CC,CC,CC,CC,CB,CB,BB,CB,CC,CC,CC,CC,CB,BB,BB,BB,BB,BB,CC,CC,CC,CC,CC,CC,BB,BB,BB,BB,BB,BB,BB,BB,BB,BB,BB,CB,CB,-,CB,CB,CB,CB,CB,CB,-,CB,CB,-,CC,CC,CC,CB,CC,CC,CC,CC,CC,CC,-,CB,BB,-,CB,not CC,CC,CB
264,female,CC,CC,CC,CC,CC,CC,CC,CC,CC,CC,CB,CB,CB,CC,CC,CB,CB,CB,CB,CC,CC,CB,CB,CB,CB,BB,BB,BB,BB,CB,CB,CB,CB,CB,CB,CB,CB,CB,CB,CB,CC,CC,BB,BB,BB,BB,BB,BB,BB,CB,CB,CB,CB,CB,CB,CB,CC,CC,CC,CC,CB,CC,CC,CB,CB,CB,CB,BB,BB,BB,BB,CB,CB,CB,CB,CB,CB,CB,CB,CB,CB,-,CB,CB,CB,CB,CC,CC,CC,CC,CC,BB,BB,-,-,CB,CB,CB,CB,CB,-,CB,CB,CC,CC,CC,BB,CB,-,CC,CC,CC,CC,CC,CC,CB,CB,CB,CB,BB,BB,BB,BB,BB,BB,-,BB,BB,-,BB,not CC,CC,CC
264,female,BB,BB,BB,CC,CC,CC,CB,CB,CC,CC,CC,CC,CC,-,CB,CB,-,BB,BB,BB,CB,CC,CC,CC,CC,CB,-,CC,CB,CC,CC,CB,CB,CB,CB,CB,CB,CB,CB,CB,-,BB,CB,CB,CB,CB,CB,CB,-,-,CB,CB,CB,CB,CB,CC,CC,CC,CC,CC,-,CB,CB,CB,CB,CB,-,CB,CB,BB,-,BB,CC,CC,CB,CB,CC,CC,CC,BB,BB,BB,BB,BB,BB,BB,BB,CB,CB,CB,-,CB,CB,BB,BB,BB,BB,BB,BB,BB,BB,BB,BB,CB,-,BB,BB,CB,-,CB,CB,CB,CB,CB,BB,BB,BB,BB,CB,CB,CB,CB,CB,BB,BB,-,BB,BB,BB,BB,not CC,CC,CB
117.817,female,CB,CB,CB,BB,BB,BB,BB,BB,BB,BB,BB,CB,CB,CB,CB,CB,CC,CC,CC,CB,CC,CC,CC,CC,CB,CB,CC,CB,BB,CB,CB,CB,CB,CB,CC,CC,CC,CC,CC,CC,CC,CC,BB,BB,BB,BB,CB,CB,CC,CC,CC,CC,CC,CC,CC,CB,CC,CC,CC,CC,CC,CC,CC,CC,CC,CC,CC,BB,BB,BB,BB,BB,BB,BB,CC,CC,CB,CB,CB,CB,CB,BB,BB,BB,BB,CB,-,BB,BB,CB,CB,CB,CB,-,CB,CB,CB,CB,CB,CB,CB,CB,BB,CB,CC,CB,CB,CC,-,CC,CC,CB,CB,CB,BB,BB,BB,BB,BB,CB,CB,CB,-,CC,CC,-,CB,CC,CC,CC,CC,CB,CB
185.3,female,CC,CC,CC,CB,CB,BB,BB,BB,BB,BB,BB,-,BB,CC,CC,-,-,CC,CC,CC,CC,CC,CB,CB,BB,CB,CB,CB,CB,BB,BB,CB,CB,CB,CB,CB,CB,CB,CB,CC,-,CC,CC,CC,CC,CB,CB,CB,CB,CB,CB,CB,CB,CB,CB,BB,BB,BB,BB,BB,-,BB,BB,BB,BB,CB,-,CB,CB,CB,CC,CC,CC,CC,CB,CC,CC,CC,CB,CB,CB,CB,CB,CB,CC,CC,CC,CB,CC,CC,CC,CB,CB,-,CB,CB,CB,CB,CB,CB,CB,CB,CB,CB,-,BB,BB,CC,-,CC,CC,CC,CC,CB,CB,CC,CC,CC,CC,CC,CB,-,CB,CC,-,-,CC,CC,CC,CB,not CC,CB,CB
85.367,female,CB,CB,CC,CC,CC,CC,CB,CB,CB,CB,CB,CB,CB,CC,CB,CC,-,BB,BB,CB,CB,CB,CB,CB,CB,CB,-,CC,CC,BB,BB,BB,BB,BB,BB,BB,BB,BB,BB,BB,BB,BB,CB,CB,CB,CB,CB,CB,-,CB,CB,CB,CB,CB,CB,CB,CB,CB,CB,BB,-,CB,CB,CB,CB,CB,-,BB,BB,BB,-,BB,CB,CB,CC,CC,CB,CB,BB,CB,CC,CC,CC,CC,CB,BB,BB,CB,CB,CB,CB,CB,CB,-,CC,CC,CC,CC,CB,CB,-,CB,CB,-,-,CB,CB,CC,-,CC,CC,CC,CC,CC,-,CC,CC,CC,CB,CB,CC,CC,CC,BB,BB,-,BB,CB,CC,CC,CC,CC,CC
264,female,CB,CB,CB,BB,BB,BB,BB,BB,BB,BB,BB,-,BB,CB,CC,BB,-,CC,CB,CC,CB,CB,BB,BB,BB,CB,CB,CB,CB,-,CC,CC,CC,CC,CC,CC,CC,CC,CC,CC,-,CC,CB,CB,CB,BB,BB,BB,BB,BB,BB,BB,BB,BB,BB,BB,CB,CB,CB,CB,CB,BB,BB,BB,CC,CC,CC,BB,BB,BB,-,BB,BB,BB,CB,CB,CB,CB,CB,CB,CC,CC,CC,CC,CB,CB,CB,CB,BB,CB,-,CB,CB,CB,CB,CB,CB,CB,CB,BB,CB,CB,CB,BB,-,CC,CB,BB,-,CB,CB,-,CB,CB,CB,BB,BB,BB,BB,CB,CB,-,CB,BB,BB,-,BB,CB,CB,CB,not CC,CC,-
70.883,female,CB,CB,CC,CC,CC,CC,CC,CC,CC,CC,CB,CB,CB,CB,CB,CB,-,BB,BB,CB,CB,CC,CC,CC,CC,CC,CB,CB,CB,-,CC,CB,CB,CB,CB,CB,CB,CB,CB,CB,CC,CC,CC,CC,CC,CC,CC,CC,CC,CC,CC,CC,CC,CC,CC,CC,CC,CC,-,CC,CC,CB,CB,CB,CC,CC,CC,BB,BB,BB,BB,BB,CB,CB,CB,CB,CB,CB,CB,BB,BB,BB,CB,CB,CB,CB,CB,CB,CB,CB,CB,CB,CB,CC,CC,CC,CC,CC,CC,CC,CC,CC,CC,CB,-,CC,CC,CB,-,CB,CB,BB,BB,-,BB,CB,CB,CB,CB,CC,CC,CC,CB,BB,BB,-,CB,CB,CB,-,not CC,CB,-
98.45,female,CB,CB,CB,CB,CB,CB,CB,CB,CB,CB,CB,CB,CB,CC,CB,CB,-,CB,CB,CB,CC,CC,CC,CC,CC,CB,CB,CB,CC,BB,BB,BB,BB,BB,BB,-,-,BB,BB,BB,BB,BB,CB,CB,CB,CB,BB,CB,-,CB,CB,CB,CB,CB,CB,CC,-,CC,-,CC,CC,BB,BB,BB,BB,CB,-,CC,CC,CB,CB,-,CB,CB,CC,CC,-,CC,CC,CC,CC,CC,CB,CB,CB,CC,CC,CC,CC,CC,CC,not CC,CC,CB,CB,CB,BB,BB,BB,BB,BB,BB,BB,CC,CB,CB,CB,CB,CB,CB,CB,CB,CB,CC,CC,CB,BB,BB,BB,CC,CC,CC,CC,CB,CB,CC,CC,CB,CC,CC,CC,CC,CB
85.1,female,-,CB,CB,CC,CC,CC,CC,CC,CC,CC,CC,CB,CB,CC,CB,CB,-,CC,CC,CB,CB,CB,CB,CB,CB,BB,-,CB,CB,CB,CB,CB,CB,CB,CB,-,-,CB,BB,BB,BB,CB,CB,CB,CB,CB,CB,CB,CB,CB,CB,CB,CB,CB,CB,CB,-,BB,BB,BB,-,BB,BB,BB,BB,BB,BB,CB,CB,CC,CC,-,CC,CC,BB,BB,CB,CC,CC,CC,CC,CC,BB,BB,BB,CC,CC,CC,CC,CC,CC,not CC,BB,BB,BB,BB,BB,BB,BB,BB,BB,BB,BB,CB,CB,CC,CC,CB,CB,CB,CB,CB,CB,CC,CC,CC,CC,CC,CC,BB,BB,BB,CB,CB,CB,CB,CB,BB,BB,CB,not CC,CC,CC
216.367,female,BB,BB,BB,BB,BB,BB,BB,BB,BB,BB,BB,BB,BB,CB,CB,CB,-,CC,CB,CB,CB,CB,CB,CB,BB,CB,-,BB,BB,BB,BB,BB,BB,BB,BB,BB,BB,BB,BB,BB,-,CB,CB,CB,CB,CB,CB,CB,-,BB,BB,BB,BB,BB,BB,BB,BB,BB,BB,CC,CC,CB,CB,CB,CC,CC,CC,CC,CC,CC,CC,-,CB,CB,BB,BB,CB,CB,CC,CC,-,CC,CC,CC,CB,BB,-,CB,CB,CB,BB,not CC,BB,BB,-,BB,BB,BB,CB,CB,CB,CB,CB,BB,BB,BB,BB,CC,CC,CB,CB,CB,CB,CB,BB,CC,CC,CB,CB,CB,CB,CB,CB,CB,CB,CB,CB,CC,CC,CB,not CC,CC,CC
94.65,female,-,BB,BB,BB,BB,BB,CB,CB,CB,CB,CB,CB,CB,CC,CC,CB,-,BB,BB,CC,CB,CB,CB,CB,BB,BB,CB,CC,CC,CB,CB,CB,CB,-,CB,CB,CB,CB,CB,CC,CC,CC,CB,CB,CB,CB,CB,CB,-,CB,CB,CB,CB,CB,CB,CC,CC,CC,CC,CB,CB,CB,CB,CB,CB,CB,CB,CB,CB,CB,BB,-,BB,CB,CB,CB,CB,CC,CB,CB,CB,CB,CC,CC,CB,CC,CC,CC,CC,CC,CC,CC,CC,-,CC,CC,CC,CC,CC,CC,CC,CC,CC,BB,BB,CB,CB,CB,BB,BB,BB,BB,BB,BB,-,CB,CB,CB,CC,CB,CB,BB,BB,CB,CB,BB,BB,CB,CB,CC,CC,CB,CB
111.817,female,CC,-,CB,CC,CC,CC,CC,CC,CC,CC,CC,CC,CC,BB,CC,CC,-,CB,CB,CB,BB,BB,BB,BB,BB,CB,-,BB,BB,BB,BB,BB,BB,CB,CB,CB,CB,CB,CB,CB,CC,CC,CC,CC,CC,CC,CB,CB,-,CB,CB,CB,BB,BB,BB,CC,CB,CB,CB,CC,CC,CC,CC,CB,CB,CB,-,CB,CB,CB,CB,-,BB,BB,BB,BB,BB,BB,CB,CB,BB,BB,BB,BB,BB,CB,CC,CC,CC,CB,CB,not CC,BB,BB,BB,BB,BB,BB,BB,BB,BB,BB,BB,CB,CB,CB,CB,CC,CB,CB,CB,CB,CB,CB,BB,BB,BB,CB,CB,CB,CB,CB,CB,CC,CC,CB,BB,CC,CC,CC,CC,CB,CC
90.9,female,BB,BB,BB,BB,BB,BB,BB,BB,BB,BB,BB,BB,BB,CC,CB,CB,CB,CB,CC,BB,CB,CC,CB,CB,CB,CB,CB,BB,BB,-,BB,BB,BB,BB,BB,BB,BB,BB,BB,BB,-,CB,CB,CB,CB,CB,CB,CB,CB,CB,CB,CB,CB,CB,CB,CB,CC,CB,CB,CB,CB,CC,CC,CC,CC,CC,CC,CB,CB,CB,CB,-,CB,CB,CB,CB,CB,CB,CB,CC,CB,CB,BB,BB,BB,CC,CC,CC,CC,CC,CC,not CC,CB,CC,CC,CC,CC,-,CC,CC,CC,CC,CC,CB,CB,CB,CB,CB,CB,CC,CC,CC,CC,CC,CC,CC,CC,CC,CC,CC,CC,CB,CB,CB,CB,CB,CB,CB,CB,CB,not CC,CC,CB
264,female,CC,-,CB,CB,BB,BB,BB,BB,BB,BB,BB,BB,BB,-,BB,BB,BB,BB,CB,CB,CB,CB,CB,CB,CB,CB,CB,CC,CB,CB,CB,CC,CC,CC,CC,CC,CC,CC,CC,CC,CC,CC,BB,BB,BB,BB,BB,BB,-,BB,BB,BB,BB,BB,BB,CB,CB,CB,CC,CC,CC,CB,CB,CC,CC,CC,-,CB,CC,CC,CC,-,CB,CB,CB,CB,BB,BB,BB,CB,-,CC,CC,CC,CC,CC,CC,CC,CC,CC,CC,not CC,CB,CB,CB,CB,CB,-,CB,CB,CB,CB,CC,BB,BB,BB,CB,CB,CB,CB,CB,CB,CB,CB,BB,BB,BB,CB,CB,CC,CC,CC,CC,CB,CB,BB,CB,CB,CB,CC,CC,CC,CC
170.517,female,CB,CB,BB,CB,CB,CB,BB,BB,BB,BB,BB,BB,BB,CC,CB,CC,-,CC,CC,CB,CB,CB,CB,CB,CB,CB,CB,CB,CB,CB,CB,CB,CB,CB,CB,CB,CB,CB,CB,CB,CB,CB,CB,CB,CB,BB,BB,BB,BB,BB,BB,BB,BB,BB,BB,CB,CB,CB,CB,CB,-,BB,BB,CB,CB,CB,-,CC,CC,CC,CC,CC,CB,CB,CC,CB,-,CB,BB,CB,CB,CB,CB,CC,CC,CB,CB,-,CB,BB,BB,not CC,CB,-,CB,CB,CB,CC,CC,CC,CC,CC,CC,CB,CC,CC,CC,CC,CC,CC,CC,CC,CC,CC,CC,CB,CB,CB,CC,BB,CB,CB,CB,BB,BB,BB,BB,CB,CB,CB,not CC,CB,CB
111.717,female,CB,-,CB,CB,CC,CC,CB,CB,BB,BB,BB,BB,BB,CB,CC,CC,CB,BB,BB,CB,CB,CB,CB,CC,CC,CB,CB,CB,CB,CC,CB,CB,CB,CB,CB,CB,CB,CB,CB,BB,BB,BB,CB,CB,CB,BB,BB,BB,BB,BB,BB,BB,BB,BB,BB,CB,CB,CB,CB,BB,BB,CB,CB,CC,CC,CC,CC,CB,CC,CB,CB,-,CB,CB,CB,CB,BB,BB,CB,CB,CB,CB,CB,CB,CC,CC,CC,CC,CB,CB,CB,not CC,BB,BB,BB,BB,BB,BB,BB,BB,BB,BB,BB,CB,CB,CB,CB,CB,CC,CC,CC,CC,CC,CC,CC,CB,-,CB,CB,CC,CC,CC,CC,CC,CC,CC,CC,BB,CB,CB,not CC,CB,CB
264,female,BB,BB,BB,BB,BB,BB,CB,CB,CB,CB,CB,CB,CB,CB,CB,CB,CC,CB,CB,CB,CB,CB,CB,CB,CC,CC,CB,CB,CB,CC,CC,CC,CC,CC,CC,BB,BB,BB,BB,BB,BB,BB,BB,BB,CB,CB,CB,CB,CB,CB,CB,CB,CB,CB,CB,CC,CC,CC,CC,CB,CB,CB,CB,CB,BB,BB,BB,CB,CB,CC,CC,-,CC,CC,CB,CB,CB,CB,CB,CC,CB,BB,CB,CB,CC,CC,CC,CC,CC,CC,CC,CC,CC,-,CC,CC,CC,-,CC,CB,-,CB,CB,BB,CB,CB,CB,CB,CB,CB,CB,CB,CB,CB,CB,BB,CB,CB,BB,BB,BB,BB,CB,CB,CB,CB,CB,CC,CC,CC,CC,CC,CB
75.383,female,CB,CB,CB,CB,CB,CB,CB,CB,CB,CB,CB,CB,CB,CB,CB,-,BB,BB,BB,CB,CB,CC,CC,CC,CC,CB,CC,CC,CC,CC,CC,CC,CC,CB,CB,BB,BB,BB,BB,BB,BB,BB,CB,CB,CB,CB,CB,BB,BB,BB,BB,CB,CB,CB,CB,BB,BB,CB,-,CB,CB,CB,CB,CB,BB,BB,BB,BB,BB,BB,CB,-,CC,CC,CC,CB,CB,CB,CB,CC,CB,CB,CB,CB,CB,BB,CB,CB,CB,CB,-,CC,CC,CC,CC,CC,CC,-,CC,CC,-,CC,CB,BB,BB,CB,CB,CB,CB,BB,BB,BB,BB,BB,BB,BB,CB,CB,CB,CB,BB,BB,BB,BB,BB,CC,CC,CB,CB,CB,not CC,CC,CC
84.35,female,CB,CB,CB,CB,CC,CC,CC,CC,CC,CC,CC,CC,CC,CB,CB,CB,CB,-,CB,CC,CB,BB,BB,BB,BB,CB,CB,BB,BB,CC,CC,CC,CC,CC,CB,CB,CB,BB,BB,BB,BB,CB,CB,CB,CB,CB,CB,CB,CB,CB,CB,CB,CB,CB,CB,BB,BB,BB,-,CB,CB,CB,CB,CB,CB,CB,CB,CC,CC,CB,-,-,CB,CB,CC,CC,CC,CC,CC,BB,BB,CB,CB,CB,CC,CC,CC,CC,CC,CC,CB,CC,CC,-,CC,CC,CC,CC,CC,CC,-,CC,CB,CC,BB,BB,BB,BB,BB,BB,BB,BB,BB,BB,-,CB,CB,CB,CB,CB,BB,BB,BB,BB,BB,CB,CB,CC,CB,CB,not CC,CC,CC
97.667,female,BB,BB,BB,BB,BB,BB,BB,BB,CB,CB,CB,CB,CB,CB,BB,CB,CB,CB,CB,CB,CB,BB,BB,BB,BB,CB,CB,CB,BB,CB,CB,CB,CB,CC,CC,CC,CC,CC,CC,CC,CB,CB,CB,CB,CB,CB,CB,CB,CB,CB,CB,CB,CB,CB,CB,CB,CB,CB,CB,BB,BB,CB,BB,BB,BB,BB,BB,CB,CB,CB,CB,-,BB,BB,CB,CB,BB,BB,BB,BB,BB,BB,BB,BB,CC,CB,CB,CC,CC,CC,CC,not CC,CB,BB,CB,CB,CB,CB,CB,CB,CB,CB,CB,CB,CB,CB,CB,CB,CC,CC,CC,CC,CC,CC,CC,CB,CB,CB,CB,CB,CB,CB,CB,CB,CB,CC,CC,BB,CB,CB,not CC,CC,CC
97.783,female,CB,CB,CB,CB,CB,CB,CB,CB,CB,CB,CB,CB,CB,CB,CC,CB,CB,CB,CB,CB,CB,CB,CB,CB,CB,CB,CB,CB,CC,CC,CC,CB,CB,CB,CB,CB,CB,CB,CB,CB,-,BB,CC,CC,CB,CB,CB,CB,CB,CB,CB,CB,CB,CB,CB,CB,CB,CB,CC,CB,CB,CB,CB,CB,CB,BB,-,CC,CC,CB,-,-,CC,CC,CC,CC,CC,CB,CB,BB,BB,BB,BB,BB,CC,BB,BB,CB,CB,CB,CB,CC,CC,-,CB,CB,CB,-,CB,CB,CB,CB,CB,CC,CC,CC,CC,BB,BB,BB,BB,BB,BB,BB,CB,CB,CB,CB,CC,BB,BB,CB,CB,CB,CB,CB,CB,CC,CC,CC,CC,CC,-
264,female,CB,CB,CB,CB,BB,BB,BB,BB,BB,BB,CB,CB,CB,BB,BB,BB,BB,BB,BB,CB,CB,BB,CB,CB,CB,BB,BB,BB,CB,CB,CB,CB,CB,CB,CB,CB,CB,CB,CB,CB,CB,CB,CC,CC,CC,CC,CC,CC,-,CC,CC,CC,CC,CC,CC,BB,BB,BB,BB,CB,CC,CB,CB,CB,CB,CB,CC,CC,CC,CC,CC,-,CC,CC,BB,BB,BB,CB,CB,CB,CB,CB,CB,CB,CB,CB,CC,CC,CC,CC,CB,not CC,BB,BB,BB,BB,BB,BB,BB,CB,-,CB,CB,CB,CB,CB,CC,-,CB,CB,CB,CB,CB,CB,BB,BB,BB,BB,BB,CB,CB,CB,CC,CB,CB,CB,CB,BB,CC,CC,CC,CB,CB
90.433,female,CB,CB,CB,CB,CB,CB,CC,CC,CC,CC,CB,CB,CB,CC,CC,CC,CC,CC,CC,CB,CB,CC,CC,CC,CC,BB,BB,CB,CB,BB,BB,BB,BB,BB,BB,BB,BB,BB,BB,BB,BB,BB,CB,CC,CC,CB,CB,CB,CB,CB,CB,CB,CB,CB,CB,BB,CB,CB,CB,CB,CB,CC,CC,CB,CB,CB,BB,CC,CC,CC,CC,CC,CC,CC,CB,CB,CB,CB,CB,CB,BB,BB,BB,BB,BB,BB,BB,CB,CC,CC,CC,not CC,CC,-,BB,BB,BB,BB,BB,BB,BB,BB,BB,CC,CC,CC,CB,-,BB,BB,BB,BB,BB,CB,-,CC,CB,CB,BB,CB,CB,CB,CB,CB,CB,CB,CB,BB,BB,BB,not CC,CB,CB
264,female,CC,CC,CB,CB,CB,CB,CB,CB,CC,CC,CC,CC,CC,-,CC,CB,CB,CB,CB,CC,CB,CB,CB,CB,CB,BB,-,CB,CB,-,CB,CB,CB,CB,CB,CB,CB,CB,CB,CB,CB,CB,CC,CC,CC,CC,CB,CB,CB,CB,CB,CB,CB,CB,CB,CC,CB,CB,CB,CB,CB,CB,CB,CB,CB,CB,-,BB,BB,BB,-,-,CB,CB,CC,CC,CB,CB,BB,CC,CC,CC,CB,CB,CB,CB,CC,CB,CB,CB,BB,not CC,BB,BB,BB,BB,BB,BB,BB,BB,BB,BB,BB,CB,CB,CC,CB,CB,-,CC,CC,CC,CC,CC,CC,CC,CC,CC,CB,CB,CB,CB,BB,BB,BB,-,BB,CB,CB,CC,CC,CB,CB
90.05,female,CB,CB,CB,BB,BB,BB,BB,BB,CB,CB,CB,CB,CB,BB,BB,BB,BB,-,BB,CC,CC,CC,BB,BB,BB,CB,CB,CB,BB,CB,CB,CB,CB,-,CB,CB,CB,CB,CB,CB,CB,CB,BB,CB,CB,CB,CB,CB,CB,CB,CB,CB,CB,CB,CB,CB,BB,BB,BB,CB,CB,CC,CC,CC,CC,CC,CC,BB,BB,BB,CB,-,CB,CB,CC,CB,CB,CB,CB,CC,CC,-,CC,CC,CC,BB,BB,BB,BB,BB,BB,CC,CC,-,CC,CC,CC,CC,CC,CC,-,CB,CB,CB,CB,CB,CB,CB,-,CB,CB,BB,BB,BB,BB,CC,CC,CB,CB,CB,CB,CC,CC,CB,CB,-,CB,BB,CB,CB,not CC,CC,CC
90.083,female,CB,CB,CB,CB,CB,CB,CB,CB,CB,CB,-,CB,CB,BB,CB,CB,-,CB,CB,BB,CB,CB,CB,CB,CB,BB,-,BB,BB,CB,BB,BB,BB,BB,BB,BB,BB,BB,CB,CB,-,CB,BB,CB,CB,CB,CB,CB,CB,CB,CB,CB,CC,CC,CC,CB,CB,CB,-,BB,-,CB,CB,CB,CB,CB,-,BB,BB,BB,BB,-,BB,BB,CC,CC,CB,CB,CB,CB,CB,CB,CB,CB,CB,BB,BB,BB,BB,BB,BB,not CC,CB,CC,CC,CC,CC,CC,CC,CC,CC,CC,CC,CB,CB,BB,BB,CB,-,BB,BB,BB,CB,CB,BB,BB,CB,CB,CB,CC,CB,CB,CB,BB,BB,BB,BB,CB,CC,CB,not CC,CC,CC
90.117,female,CB,CB,CC,CC,CC,CC,CB,CB,CB,BB,BB,BB,BB,CB,CB,CB,CB,BB,BB,CB,BB,BB,BB,BB,BB,CB,BB,BB,BB,BB,BB,BB,BB,BB,BB,BB,BB,CB,CB,CB,-,CB,CB,CC,CC,CC,CC,CC,CC,CC,CC,CC,CB,CB,CB,CB,CC,CC,CC,CC,-,CB,CB,CB,BB,BB,BB,BB,BB,CB,CB,-,CC,CC,CC,CC,CB,CB,BB,BB,BB,BB,CB,CB,CB,CB,CB,CB,CB,CB,BB,CC,CC,CC,CC,CC,CC,CC,CC,CC,CC,CC,CC,CB,-,BB,BB,CB,-,CB,CB,CC,CC,CC,CC,CB,BB,BB,BB,BB,BB,BB,BB,CC,CC,CC,CC,CC,CC,CC,CC,CB,CB
264,female,CC,CC,CC,CC,CC,CC,CB,CB,BB,BB,BB,BB,BB,CB,BB,BB,-,CB,CB,BB,CB,CB,BB,BB,BB,CC,CC,CB,BB,CC,CB,CC,CC,CC,CC,CC,CC,CC,CC,CC,-,CC,CC,CC,CC,CB,BB,BB,BB,BB,BB,BB,BB,BB,BB,CB,CB,CB,-,CB,-,BB,BB,BB,CB,CC,CC,CB,CB,BB,BB,-,CB,CB,CB,CB,CB,CB,CB,BB,BB,BB,BB,BB,BB,CB,CB,CB,BB,BB,BB,not CC,CB,CB,CB,CB,CB,CB,CB,CB,-,CB,BB,CB,-,CB,CB,CB,-,CB,CB,CB,CB,CC,CC,BB,BB,BB,BB,BB,CB,CB,CC,CB,CB,CB,CB,CC,CC,CC,not CC,CB,CB
71.967,female,CB,CB,CB,CB,CB,CB,CB,CB,CB,CB,CB,CB,CB,CB,CC,CC,CC,CC,CC,CB,CB,CB,CB,CB,CB,CC,CC,CC,BB,-,CB,CC,CC,CC,CC,CB,CB,CB,BB,BB,-,CB,BB,BB,CB,CB,CB,CB,CB,CB,CB,CB,CB,CB,CB,CC,CC,CB,-,CB,-,CB,CB,CB,CB,CB,-,CB,CB,CB,CB,-,CB,CB,CB,BB,BB,BB,BB,CC,CB,CB,CB,CB,CB,CC,CC,CB,CB,CB,CB,CC,CC,CC,CC,CC,CC,CC,CC,CC,-,CC,CC,CC,-,CB,CB,BB,-,BB,BB,BB,BB,-,-,CB,CB,CB,CB,CB,CB,CB,CB,CC,CC,CC,CC,CB,CB,BB,not CC,CB,CC
264,female,CB,CB,CB,CB,CB,CB,CB,CB,CB,CB,CB,-,CB,CB,CB,BB,-,CB,CB,CB,BB,BB,BB,CB,CB,BB,CB,CB,CB,CC,CB,CC,CC,CC,CC,CC,CC,CC,CC,CB,-,CB,BB,BB,BB,BB,BB,BB,BB,BB,BB,BB,BB,BB,BB,CC,-,BB,-,BB,CB,BB,BB,BB,BB,BB,BB,CB,CB,CB,CB,-,BB,BB,CB,CB,CB,CC,CB,BB,CB,CC,CC,CC,CC,BB,BB,-,BB,BB,BB,not CC,CB,CC,CC,CC,CC,CC,CC,CC,CC,CC,CC,BB,BB,CB,CB,BB,BB,BB,BB,BB,BB,BB,BB,CB,CB,CB,CB,CB,CB,CB,CB,CB,CB,CB,CB,BB,BB,BB,not CC,CB,CC
-,female,BB,BB,BB,BB,BB,BB,CB,CB,CC,CC,CC,CC,CC,CB,CC,CC,CC,CC,CC,CB,CB,CB,CB,CB,CB,BB,BB,BB,BB,BB,BB,CB,CB,CB,CB,CB,CB,CB,CB,CB,-,CB,CB,CB,CB,CB,CB,CB,CB,CB,CB,CB,CB,CB,CB,CB,CB,CB,-,BB,BB,BB,BB,BB,CB,CB,CB,CB,BB,CB,CB,-,CC,CC,CC,CC,CC,-,CC,CB,CB,BB,BB,BB,BB,CB,CB,CB,CC,CC,CC,not CC,BB,BB,BB,BB,BB,CB,CB,CB,CB,CB,CB,BB,BB,BB,CB,CC,CB,-,CB,CB,CB,-,-,CC,CB,CB,CB,CB,BB,BB,BB,CC,CC,CB,CB,CB,CB,CB,not CC,CB,CB
264,female,CB,CB,CB,CB,CB,CB,CB,CB,CB,CB,CB,CB,CB,BB,BB,CB,-,CB,CB,CB,CC,CC,CC,CC,CB,CC,BB,BB,CB,CB,BB,BB,BB,BB,BB,BB,-,BB,BB,BB,BB,BB,CB,CB,CB,CB,CB,CB,-,CB,CB,BB,BB,BB,BB,CB,CB,CB,CB,BB,BB,CB,CB,CB,CB,CB,-,CC,CC,CB,-,CB,CB,CB,CB,CB,BB,CB,CB,CB,CB,CB,BB,BB,BB,BB,BB,BB,BB,BB,BB,not CC,BB,BB,BB,BB,BB,BB,BB,BB,BB,BB,BB,-,CB,CB,CC,CC,CB,CB,CC,CC,CC,CC,CC,CB,BB,-,CB,CB,CB,CB,BB,CB,CB,CB,CB,BB,BB,CB,not CC,CC,CB
264,female,-,CB,-,CB,CB,CB,CB,CB,CB,CB,CB,CB,CB,BB,CB,CB,-,CB,CB,CC,CC,CB,CB,CB,BB,CC,CC,CB,BB,CB,CB,CB,CB,CB,CB,CB,CB,CB,CB,CB,CB,CC,BB,BB,BB,BB,BB,BB,-,BB,BB,BB,BB,BB,BB,BB,BB,CB,-,CC,CC,CC,CC,CC,CC,CC,CC,CB,CB,CB,CB,CB,CC,CC,CC,CC,CC,CC,CC,CB,CB,CB,CB,CB,BB,CB,CB,CC,CC,CC,CC,CC,CB,CB,CB,CB,CB,CB,CB,CB,CB,CB,CB,CB,BB,BB,BB,CB,CB,CB,CB,CB,CB,CB,CB,CB,CC,CC,CB,CB,CB,CB,CC,CB,CB,-,CC,CB,BB,BB,not CC,CB,CB
74.267,female,BB,BB,CB,CB,CB,CB,CC,CC,CC,CC,CC,CC,CC,CB,CC,CC,-,CB,CB,CC,CC,CB,CB,CB,CB,BB,CB,CB,CB,CB,CB,CB,CB,CB,CB,CC,CC,CC,CC,CB,CB,CB,CB,CB,CB,CB,CB,CB,-,CC,CC,CC,CC,CC,CC,BB,CB,CB,CB,BB,CB,CB,CB,-,CB,CB,CB,CC,CC,CB,CB,CB,CB,CB,CB,CB,CC,CC,CC,CB,CB,CB,CB,CB,BB,BB,BB,BB,BB,CB,CB,CC,CC,CC,CC,CC,CC,CC,CC,CC,CC,CC,CC,CB,BB,BB,BB,CB,CB,CB,CB,CB,CB,CB,CB,BB,BB,CB,CB,CB,CB,CB,CB,CC,CC,CC,CC,CC,CC,CC,not CC,CB,CB
-,female,-,CB,CC,CC,CB,CB,CB,CB,CB,CB,CB,CB,CB,BB,BB,BB,-,CC,CC,CC,CC,CC,CC,CC,CC,CB,CB,BB,CB,-,CB,CC,CC,CC,CC,CC,CC,CC,CC,CC,CB,CB,CB,CB,CB,CB,BB,BB,BB,BB,BB,BB,BB,BB,BB,CB,CB,CB,CB,CB,CB,CB,CB,CB,BB,BB,-,CC,CC,CC,CC,CC,CC,CC,CB,BB,BB,CB,CB,CB,CB,CB,BB,BB,CB,BB,BB,BB,BB,BB,CB,CB,CB,CB,CB,CB,CB,CB,CB,CB,CB,CB,CB,BB,BB,CB,CB,BB,BB,BB,BB,BB,BB,BB,BB,BB,CB,CC,CC,CB,CB,CB,CC,CB,CB,CB,CB,CC,CB,BB,not CC,CC,CB
-,female,CB,CB,CB,CB,BB,BB,BB,BB,CB,CB,CB,CB,CB,CB,CB,CB,CB,CB,CB,CB,BB,CB,CB,CB,CB,BB,BB,BB,CB,CC,CC,CC,CC,CC,CB,CB,CB,CB,CB,BB,BB,BB,CB,CB,CB,CB,CB,CB,CB,CB,CB,CB,CB,CB,CB,CB,CB,BB,BB,BB,BB,BB,BB,BB,CB,CB,CC,BB,BB,BB,BB,BB,CB,CB,CB,CC,CC,CC,CC,CB,CB,CB,CB,CB,CB,CB,CB,CB,BB,BB,BB,BB,BB,BB,BB,BB,BB,BB,BB,BB,BB,BB,BB,BB,BB,BB,BB,CC,CC,CB,CB,CB,CB,CB,CB,CC,CC,CC,CB,BB,CB,CB,CB,CB,CB,CB,BB,CB,CB,CC,CC,CC,CC
264,female,-,CB,CB,BB,BB,BB,BB,BB,BB,BB,BB,BB,BB,CB,CB,-,CC,CB,CB,CB,CC,CC,CC,CB,CB,CC,CC,CB,BB,-,CC,CC,CC,CC,CC,CC,CC,CC,CC,CC,CC,CC,CB,CB,CB,BB,BB,BB,BB,BB,BB,BB,BB,BB,BB,CB,CB,CB,CB,CB,CB,BB,BB,CB,CC,CC,CC,CB,CB,CB,BB,BB,BB,CB,BB,BB,BB,BB,BB,BB,BB,BB,BB,CB,CC,CB,CB,CB,BB,BB,BB,CB,CB,CB,CB,CB,CB,CB,CB,CB,CB,CB,CB,BB,BB,BB,CB,CB,CB,CB,CB,CB,CB,CB,CB,CC,CB,CB,CB,BB,BB,BB,CB,CB,CB,CC,CC,CB,CB,CB,not CC,CB,CC
264,female,CC,CC,CB,BB,BB,BB,CB,CB,CB,CB,CB,CB,CB,CB,CB,CB,CB,CB,BB,CB,CB,CB,CB,CB,CB,CB,CB,CB,CB,CB,CB,CB,CB,CB,CB,CB,CB,CB,CB,CB,CB,CC,CB,CB,CB,CB,CB,CB,-,CB,CB,CB,CB,CB,CB,CB,CB,CB,CB,CB,CB,CB,CB,CB,CB,CB,CB,CB,CB,CB,CB,CB,CC,CC,BB,CB,CB,CB,BB,CB,CB,CB,CB,BB,CB,CC,CB,CB,CB,BB,BB,not CC,CB,BB,BB,BB,CB,CB,CB,CB,CB,CB,CB,CC,CB,CB,BB,CC,CC,CC,CC,CC,CC,CC,-,CB,CC,CC,CB,CB,BB,BB,BB,BB,BB,CC,CC,CC,CC,CC,CC,CB,CB
264,female,CC,CC,CC,CB,CB,CB,CB,CB,CC,CC,CC,CC,CC,BB,CB,CB,CB,CB,CB,BB,BB,BB,CB,CB,CB,CB,-,BB,CB,BB,CB,CC,CC,CC,CC,CC,CC,CC,CC,CC,CC,CC,CB,CB,CB,BB,BB,BB,BB,BB,BB,BB,BB,BB,BB,CC,CB,CB,-,CB,CB,CB,CB,CB,CB,CB,CB,CC,CC,CC,CC,CC,CC,CC,CC,CC,CB,CB,CB,BB,BB,CB,CB,CB,CB,CB,CB,CB,CB,CB,CB,not CC,CB,CC,CC,CC,CC,-,CC,CC,CC,CC,CC,CB,CB,CB,CC,CB,BB,BB,BB,BB,BB,BB,BB,CB,CB,CB,CC,CC,CC,CC,CB,BB,BB,BB,BB,BB,BB,BB,not CC,CB,CB
109.867,female,CB,CB,BB,-,CB,BB,BB,BB,BB,BB,BB,BB,BB,CC,CB,CB,CB,CB,CB,CB,BB,BB,BB,CB,CB,CB,CB,CB,BB,BB,BB,BB,BB,BB,BB,BB,BB,BB,CB,CB,CB,CB,-,CB,CB,CB,CB,CB,CB,CB,CB,CB,CB,CB,CB,CB,CB,CC,CC,CC,CC,CB,CB,CB,CB,CB,BB,CB,CB,CB,BB,CB,CB,CB,-,CB,CB,CB,BB,CC,CC,CC,CC,CC,CC,CC,CC,CC,CC,CC,CC,CC,CC,CC,CC,CC,CB,-,CB,CB,CB,CB,CB,CB,CC,CC,CC,CB,CB,CB,CB,CB,CB,CB,BB,BB,CB,CB,BB,BB,BB,BB,CB,CC,CC,CC,CC,CB,CB,CB,not CC,CB,CC
264,female,BB,BB,CC,CC,CC,CC,CC,CC,CC,CC,CC,CC,CC,CB,CC,CC,CB,CB,CB,CC,CC,CC,CC,CC,CC,CC,CC,CC,CC,BB,BB,BB,BB,BB,CB,CB,CB,CB,CB,CB,CB,CB,CB,CB,CB,CB,CB,BB,BB,BB,BB,BB,BB,BB,BB,CC,CB,CB,-,BB,CB,CB,CB,CB,CB,CB,CB,CC,CC,CC,CC,CC,CC,CB,CB,CB,CB,CB,CB,BB,BB,BB,-,BB,BB,CB,CB,CC,CC,CC,CC,not CC,CB,BB,CB,CB,CB,CB,CB,CB,CB,CB,CB,CB,CB,CB,CB,CB,CB,CB,CB,CC,CC,CC,CC,CB,CB,CC,CC,BB,CB,CB,CC,CC,CC,CC,CB,CB,CB,CB,CC,CB,CB
264,female,CB,CB,CB,CB,CB,CB,CB,CB,BB,BB,BB,BB,BB,CB,CB,CB,BB,BB,BB,CB,CC,CC,CB,CB,CB,BB,CB,CB,CB,CC,CC,CC,CC,CC,CC,CC,CC,CC,CC,CC,CC,BB,BB,BB,CB,CB,CB,CC,CC,CC,CC,CC,CC,CC,CC,BB,BB,CB,CB,CC,CC,CB,CB,CB,CB,CB,CC,CC,CC,CC,CB,CB,CB,CC,CC,CB,CB,CB,CB,CB,CC,CC,CC,CC,CB,CB,CB,CB,CC,CC,CC,CC,CC,CC,CC,CC,CC,CC,CC,CC,CC,CC,CC,CB,CC,CC,CC,BB,CB,CB,CB,CB,CB,CB,CC,BB,BB,BB,CB,BB,BB,CB,CB,CC,CC,CC,CC,CC,CB,BB,not CC,CC,CC
96.017,female,CB,CB,CB,CB,CB,CB,CB,CB,CB,CB,CB,CB,CB,CB,CB,CB,CB,CB,CB,BB,BB,BB,CB,CB,CB,BB,BB,CB,CC,CB,CB,CB,CB,CB,CB,CB,CB,CB,CB,CB,-,CB,CB,BB,BB,BB,BB,BB,BB,BB,BB,BB,CB,CB,CB,CB,CC,CC,-,CB,CB,CB,CB,CB,CB,BB,BB,CB,CB,CB,CB,BB,BB,BB,CC,CB,CB,CB,CB,CC,CB,CB,BB,BB,CB,BB,BB,CB,CB,CB,CC,CC,CC,CC,CC,CC,CC,-,CC,CC,-,CC,CC,CB,CB,CB,CC,BB,-,BB,BB,BB,BB,-,CB,CC,CB,CB,CB,CC,BB,BB,BB,CB,CB,CB,CB,BB,BB,BB,not CC,CC,CC
136.417,female,CB,CB,CB,CB,CB,CB,BB,BB,CB,CB,CB,CB,CB,BB,BB,BB,CC,CC,CC,CB,CC,CC,CC,CC,CB,CB,-,CB,CB,BB,BB,BB,BB,BB,BB,BB,BB,BB,BB,BB,BB,BB,CC,CC,CC,CC,CC,CC,CC,CC,CC,CC,CC,CC,CB,BB,BB,CB,CC,CC,CC,CB,CB,-,CB,CC,-,CC,CC,CC,CC,CC,CC,CC,CC,CC,CC,CC,CC,CB,CB,BB,BB,BB,BB,CB,CB,CB,CB,CB,CB,not CC,CB,CB,CB,CB,CB,CB,CB,CB,CB,CB,CB,CC,CB,CB,CB,BB,BB,BB,BB,BB,BB,CB,CB,CB,BB,CB,CB,CB,CB,CB,BB,CB,CB,CB,CB,CC,CC,CC,CC,CC,CC
168.25,female,CB,CB,BB,BB,BB,BB,BB,BB,BB,BB,BB,CB,CB,BB,CC,CC,CC,CC,CC,CB,CC,CB,CB,CB,CB,CB,CB,CB,CB,BB,CB,CC,CC,CC,CC,CC,CC,CC,CC,CC,-,CC,CB,CB,CB,CB,CB,CB,CB,CB,CB,CB,CB,CB,CB,CC,CC,CC,-,CB,CB,CB,CB,CC,CC,CC,CC,CB,CB,CB,BB,BB,BB,BB,CB,CB,CB,CB,CB,BB,CC,CC,CC,CC,CC,BB,BB,CB,CB,CB,BB,not CC,BB,-,CC,BB,CC,-,CC,CC,-,CC,CC,CC,CC,CC,CC,CC,CC,CC,CC,CC,CC,CC,CC,CB,CB,CB,CB,BB,BB,BB,BB,CB,CB,CB,CB,CC,BB,BB,not CC,CC,CC
120.7,female,CC,CC,CC,CB,CC,CB,BB,BB,BB,BB,BB,BB,BB,CB,BB,CB,CB,CC,CC,CB,CB,CB,BB,CB,CB,CC,CC,CC,BB,CB,CB,BB,BB,BB,BB,BB,BB,BB,BB,BB,BB,BB,CC,CC,CC,CC,CC,CC,CC,CC,CC,CC,CC,CC,CB,CC,CC,CB,-,CB,BB,CC,CC,CC,CC,CC,CB,CB,CB,CB,CB,CB,CB,BB,CB,CC,CC,CC,CC,CB,CB,CB,CC,CC,CB,BB,BB,BB,BB,BB,BB,not CC,-,CB,CB,CB,CB,CB,CB,CB,-,CB,CB,CB,CB,CB,CB,-,-,CB,CB,CB,CB,CB,CB,BB,BB,CC,CC,CC,CC,CC,CC,CC,CC,CC,CC,CB,CB,BB,not CC,CC,CB
114.55,female,BB,BB,BB,BB,BB,BB,CB,CB,CB,CB,CB,CB,BB,CB,CB,CB,CB,CC,CC,CB,CC,CC,CC,CC,CB,BB,-,BB,CB,CB,CB,CB,CB,CB,CB,CB,CB,CB,CB,CB,-,BB,CB,CB,CB,CB,CB,CB,CB,CB,CB,CB,CB,CB,CB,BB,BB,BB,-,CB,CB,CC,CC,CC,CC,CC,CB,BB,BB,BB,CB,CB,CB,CB,CC,CC,CB,BB,BB,CC,CC,CB,CB,CB,CB,CB,CB,CB,CB,CC,CC,CC,CC,CC,CC,CC,CC,CC,CC,CC,CC,CC,CC,CB,CB,CC,CC,-,-,BB,BB,BB,BB,-,BB,BB,BB,BB,CB,CC,BB,BB,BB,CB,BB,BB,BB,CB,CB,CB,not CC,CB,CC
94.033,female,CC,CC,CB,CC,CB,CB,BB,BB,BB,BB,BB,BB,BB,CB,CB,CB,CC,CC,CC,CB,CB,CC,CC,CC,CC,BB,BB,BB,CC,BB,BB,BB,BB,BB,BB,BB,BB,BB,BB,BB,BB,BB,CB,CB,CB,CB,CB,CB,CB,CB,CB,CB,CB,CB,CB,CC,CB,CB,-,CB,CB,CB,CB,CB,CC,CC,CB,CB,CB,CB,CB,CB,CB,CB,CC,CC,CC,CC,CC,CB,CB,CC,CC,CC,CC,CC,CC,CC,CC,CB,BB,CC,-,CC,CC,CC,CC,CC,CC,CC,CC,CC,CC,CC,CC,CC,CC,CB,-,CB,CB,CB,CB,CB,CC,CC,CC,CC,CC,BB,CB,CB,CB,CC,CC,CB,CB,CC,CC,CC,not CC,CC,CC
67.683,female,CB,CB,CB,CB,CB,CB,CB,CC,CC,CC,CC,CB,CB,CB,CB,CB,CB,CB,CB,CB,CB,CC,CC,CC,CC,BB,BB,BB,CB,CC,CB,CB,CB,CB,CB,BB,BB,BB,BB,BB,-,BB,BB,CB,CB,CB,CC,CC,CC,CC,CC,CC,CC,CC,CB,BB,-,CB,-,CB,CB,CB,CB,CB,BB,BB,-,BB,BB,CB,CB,CB,CC,CC,CC,CC,CC,CC,CC,CB,CB,CC,CC,CC,CB,CB,CB,BB,BB,CB,CB,not CC,CB,CB,CB,-,CB,CB,CC,CC,CC,CC,CC,BB,BB,BB,BB,BB,BB,BB,BB,BB,BB,CB,CB,CC,CC,CC,CC,BB,BB,BB,CB,CB,CB,CB,BB,CB,CC,CB,not CC,CC,CB
93.833,female,CC,CC,-,CB,CB,CB,CC,CC,CC,CC,CC,CC,CB,CB,CB,CB,CB,CB,CB,CC,-,-,CC,CC,-,-,-,-,BB,CB,CB,CB,CB,CB,CB,CB,-,CB,CB,CB,-,CB,CB,-,CB,CB,CB,-,-,CB,CB,-,CB,CB,CB,-,BB,BB,BB,BB,-,CB,CB,CB,-,CB,CB,CC,CC,CB,-,CB,-,-,CB,-,CC,CC,CC,-,CB,-,-,CC,CB,-,-,CC,CC,-,CC,not CC,CB,CB,-,-,CB,CB,CC,CC,-,CC,-,-,CC,CC,-,CC,CC,CB,-,CB,CB,CB,-,-,CC,-,-,-,-,-,BB,-,CB,CC,CC,-,-,-,-,CC,CC
93.867,female,CB,CB,-,CB,CB,CB,CB,CB,CB,CB,CB,CC,CC,CB,CB,BB,BB,CB,CB,BB,-,-,CC,CC,-,-,-,-,CC,CB,CB,CB,CB,CB,CB,CB,-,CB,CB,CB,-,CB,CB,-,CB,CB,CB,-,-,CB,CB,-,CB,CB,CB,-,CC,CC,CC,CC,-,CC,CC,CC,-,CB,BB,CC,CC,CC,-,CC,-,-,CB,-,BB,BB,BB,-,BB,-,-,CB,CB,-,-,CB,CB,-,CB,not CC,CB,CB,-,-,CB,CB,CB,CB,CB,CB,CC,-,CB,CB,-,BB,BB,BB,-,BB,BB,BB,-,-,CB,-,-,-,-,-,BB,-,BB,CB,CB,-,-,-,-,CC,CB
139.867,female,-,CB,-,CB,CB,CB,CB,CB,CB,CB,CB,BB,BB,CB,CC,CC,CC,CC,CB,CB,-,-,CB,CB,-,-,-,-,CB,CB,CB,CB,CB,CB,CB,CB,-,CB,CB,CB,-,BB,CB,-,CB,CB,CB,-,-,CB,CB,-,CC,CC,CC,-,BB,CB,-,CB,-,BB,BB,CB,-,CB,CB,CB,-,CB,-,CB,-,-,CB,-,CB,CB,CB,-,CB,CB,-,CB,CC,-,-,BB,BB,-,CB,CC,CC,CC,-,-,CC,CC,CC,CC,CC,CC,CC,-,BB,BB,-,CC,CC,CC,-,CC,CC,CB,-,-,BB,-,-,-,-,-,CB,-,CC,CC,CC,-,-,-,-,CC,CC
117.933,female,-,CB,-,CB,CC,CC,CC,CC,CC,CC,CC,-,CC,CB,CC,CB,CB,CB,CB,CB,-,-,CB,CB,-,-,-,-,CB,CC,CC,CC,CC,CC,CC,BB,-,BB,BB,BB,-,BB,CC,-,CC,CC,CB,-,-,CB,CB,-,CB,CB,CB,-,CB,CB,CB,CB,-,CB,CB,CB,-,-,CB,CB,CB,CB,-,CC,-,-,CB,-,CB,CB,CB,-,BB,BB,-,BB,BB,-,-,CB,CB,-,CB,not CC,CB,CB,-,-,CB,CB,CB,CB,CB,CB,BB,-,CB,CB,-,CC,CC,CC,-,CC,CC,CC,-,-,CC,-,-,-,-,BB,BB,-,CB,BB,BB,-,-,-,-,CC,CC
77.8,female,-,CB,-,BB,BB,BB,BB,BB,BB,CB,CB,CB,CB,CB,CB,CC,CB,CB,BB,CB,-,-,CB,CB,-,-,-,-,CC,BB,BB,BB,BB,BB,BB,BB,-,CB,CB,CB,-,CC,CC,-,CB,CB,CC,-,-,CC,CC,-,CC,CC,CC,-,BB,CB,CB,CB,-,CC,CC,CB,-,CB,CC,BB,-,BB,-,BB,-,-,CC,-,CB,CB,CB,-,BB,BB,-,BB,BB,-,-,CB,CB,-,CB,CC,CC,CC,-,-,CC,CC,CC,CC,CC,CC,CC,-,BB,BB,-,CB,CB,CB,-,CC,CC,CC,-,-,CC,-,-,-,-,-,CC,-,CB,CB,CB,-,-,-,-,CC,CB
117.833,female,CB,CB,-,CB,CB,-,CB,CB,CB,CB,-,CB,CB,BB,BB,CB,BB,BB,CB,CB,-,-,CC,CC,-,-,-,-,CB,CC,CB,CB,CB,CB,CB,CB,-,CB,CB,CB,-,CB,CB,-,BB,BB,BB,-,-,CB,CB,-,CB,CB,CB,-,CC,-,CC,CC,-,BB,BB,BB,-,BB,BB,CB,-,CC,-,CB,-,-,BB,-,CB,CB,CB,-,CB,CB,-,CC,CC,-,-,CB,-,-,CB,CC,CC,CC,-,-,CC,CC,CC,CC,CC,CC,CB,-,CB,CB,-,CB,CB,CB,-,CB,CB,CB,-,-,CB,-,-,-,-,-,CC,-,-,BB,BB,-,-,-,-,CC,CB
264,female,-,CC,-,CB,CB,-,CB,CB,CB,CB,CB,BB,BB,CB,BB,BB,BB,BB,BB,CB,-,-,CB,CB,-,-,-,-,BB,CB,CB,CB,CB,CB,CB,CB,-,CB,CC,CC,-,CC,CB,-,CB,CB,CB,-,-,CB,CB,-,CB,CB,CB,-,CB,CB,CB,CC,-,BB,BB,BB,-,BB,BB,CC,CB,CB,-,BB,-,-,BB,-,CC,CB,CB,-,CB,-,-,CB,CB,-,-,BB,BB,-,BB,CC,CC,CB,-,-,CB,CB,CB,CB,CB,-,CB,-,CC,CC,-,CB,CB,CB,-,CB,CB,CB,-,-,CB,-,-,-,-,-,BB,-,CC,CB,CB,-,-,-,-,CB,CB
77.733,female,-,CB,-,CB,CB,CB,CB,CB,CB,CB,CB,CB,CB,CC,CC,CB,CB,CB,CB,CB,-,-,CB,CB,-,-,-,-,CB,BB,BB,BB,BB,BB,BB,BB,-,BB,BB,BB,-,CC,CB,-,CB,CB,CB,-,-,CB,CB,-,CB,CB,CB,-,CB,CB,-,CB,-,BB,BB,BB,-,CB,CB,CB,CB,CB,-,BB,-,-,CB,-,CB,BB,CB,-,CC,CC,-,CC,-,-,-,CB,CB,-,CC,not CC,CB,CB,-,-,CC,CC,CC,CC,-,CC,CB,-,CB,CB,-,CB,CB,CB,-,CB,CB,CB,-,-,BB,-,-,-,-,CC,CB,-,CC,CC,CC,-,-,-,-,CB,-
93.183,female,-,BB,-,CB,CC,CC,CB,CB,CB,CB,CB,CB,CB,CB,CC,CC,CB,CB,CB,CC,-,-,CB,CB,-,-,-,-,BB,BB,-,BB,BB,BB,BB,CB,-,CB,CB,CB,-,BB,BB,-,BB,BB,BB,-,-,BB,BB,-,CB,CB,CB,-,CB,BB,BB,CB,-,CB,CB,BB,-,-,BB,CC,-,CB,-,CB,-,-,CB,-,BB,CC,CC,-,CC,CC,-,CC,CB,-,-,CB,BB,-,CB,CC,CC,CC,-,-,CC,CC,CC,CC,-,CC,CC,-,BB,-,-,CB,CB,CB,-,CB,CB,CB,-,-,CC,-,-,-,-,-,BB,-,CC,CC,CC,-,-,-,-,CB,CC
77.633,female,BB,BB,-,CC,CC,CC,CC,CC,CC,CC,-,CC,CC,CB,CB,CB,CB,CB,CB,CC,-,-,CC,CC,-,-,-,-,CB,CB,-,CB,CB,CB,CB,CB,-,CB,CB,CB,-,CB,CC,-,CC,CC,CC,-,-,CC,CC,-,CB,CB,CB,-,CC,CC,CC,CB,-,CC,-,CC,-,CC,CC,BB,BB,BB,-,BB,-,-,BB,-,CB,CB,BB,-,CB,CB,-,CB,CB,-,-,CB,CB,-,CC,not CC,CB,CB,-,-,CB,CB,CB,CB,CB,CB,CC,-,CC,-,-,BB,BB,BB,-,BB,BB,BB,-,-,CC,-,-,-,-,CC,CC,-,CB,CB,CB,-,-,-,-,CC,CC
77.55,female,CC,CC,-,CB,CB,CB,CC,CC,CC,CC,CC,CC,CC,CB,BB,BB,CB,CB,CB,CB,-,-,CB,CB,-,-,-,-,CB,CB,CB,CB,CB,CB,CB,CB,-,CB,CB,CB,-,CC,BB,-,BB,CB,CB,-,-,CB,CB,-,CB,CB,CB,-,CB,CB,BB,BB,-,BB,BB,BB,-,BB,BB,CB,-,CB,-,CB,-,-,CB,-,CB,CB,CB,-,BB,-,-,CB,CC,-,-,CB,CB,-,CB,not CC,CB,CB,-,-,CC,CC,CC,CC,CC,CC,CC,-,CB,CB,-,CB,CB,CC,-,CC,CC,CC,-,-,CC,-,-,-,-,CB,CB,-,CB,CB,BB,-,-,-,-,CC,CC
264,female,CC,CC,-,CB,CB,CB,CB,CB,BB,BB,BB,-,CB,CB,CB,CC,CC,CC,CC,CC,-,-,CB,CB,-,-,-,-,CB,CB,-,CC,CC,CC,CC,CC,-,CC,CB,CB,-,CB,BB,-,CB,CC,CC,-,-,-,CC,-,CC,CC,CC,-,BB,CC,-,CC,-,BB,BB,BB,-,BB,CC,CC,-,CC,-,CB,-,-,CB,-,CC,-,CC,-,CB,BB,-,BB,-,-,-,BB,-,-,CC,not CC,CB,CB,-,-,BB,BB,BB,BB,BB,BB,BB,-,CB,CB,-,CB,CC,CC,-,CC,CC,CC,-,-,CB,-,-,-,-,-,CB,-,CB,-,CB,-,-,-,-,CC,CC
117.433,female,-,BB,BB,BB,BB,CB,CB,CB,CB,CB,CC,CC,CC,CC,CB,CB,BB,BB,BB,CB,-,-,BB,BB,-,-,-,-,CC,CB,CB,CB,CB,CC,CC,CC,-,CC,CC,CC,-,CB,CC,-,CC,CC,CC,-,-,CB,CB,-,CB,CB,CB,-,CB,CC,CC,CC,-,CB,CB,CB,-,CB,CB,CC,CC,CC,-,CC,-,-,BB,-,BB,BB,BB,-,CB,CB,-,CC,CB,-,-,CC,CC,-,CC,not CC,CB,CB,-,-,CB,CB,CB,CB,CB,CB,CB,-,CB,-,-,CB,CB,CB,-,CB,CB,CC,-,-,CC,-,-,-,-,CB,CC,-,BB,CB,CB,-,-,-,-,CC,CC
93.067,female,BB,BB,BB,CB,CB,CB,BB,BB,CB,CB,CB,CB,CB,CB,CB,CB,CC,CC,CC,CB,-,-,CC,CB,-,-,-,-,CC,BB,BB,BB,BB,CB,CB,CB,-,CB,CB,CB,-,CB,CC,-,CB,CB,CB,-,-,CB,CB,-,CB,CB,CB,-,BB,CB,CB,CB,-,CB,CB,BB,-,BB,BB,BB,CC,CB,-,CB,-,-,CB,-,CC,-,CC,-,CB,CB,-,CB,BB,-,-,CC,CC,-,CB,not CC,CB,CB,-,-,CB,BB,BB,BB,-,BB,BB,-,CB,CB,-,CB,BB,BB,-,BB,BB,BB,-,-,CB,-,-,-,-,-,BB,-,BB,BB,BB,-,-,-,-,CC,CB
99.867,female,-,CB,-,CB,CB,CB,CC,CC,CC,CC,CC,CC,CC,BB,BB,BB,BB,BB,CC,CC,-,-,BB,BB,-,-,-,-,CC,CC,CC,CC,CB,CB,CB,CB,-,CB,CB,CB,-,CB,CC,-,CB,CB,CB,-,-,CB,CB,-,CB,CB,CB,-,CC,CC,CC,CC,-,CC,CC,CB,-,BB,BB,BB,BB,BB,-,BB,-,-,CB,-,CC,CC,CC,-,CB,CB,-,CB,CC,-,-,CC,CC,-,CB,not CC,CB,CC,-,-,CC,CC,CC,CC,-,CC,CC,-,BB,BB,-,CC,CC,CC,-,CB,CB,CB,-,-,BB,-,-,-,-,CB,CB,-,CB,CB,CB,-,-,-,-,CB,CB
82.333,female,CC,CB,-,BB,CC,CC,CC,CC,CC,CC,CC,CC,CC,BB,BB,BB,BB,BB,BB,CC,-,-,CC,CC,-,-,-,-,BB,BB,BB,BB,BB,BB,BB,BB,-,BB,BB,BB,-,BB,CB,-,CB,CB,CB,-,-,CC,CC,-,CC,CC,CC,-,BB,CB,CC,CC,-,CB,-,CB,-,CC,CC,CB,CB,CB,-,CB,-,-,CC,-,CB,BB,CB,-,CB,-,-,CB,CC,-,-,CB,CB,-,CB,not CC,CB,CC,-,-,CC,CC,CC,CC,-,CC,CC,-,CB,CB,-,BB,BB,BB,-,BB,BB,BB,-,-,CB,-,-,-,-,CB,CB,-,CB,BB,BB,-,-,-,-,CB,CB
163.75,female,BB,BB,BB,BB,CB,CB,CC,CC,CB,CB,CB,CB,CB,BB,CB,CB,CB,CB,CB,CB,-,-,CB,CB,-,-,-,-,CB,CC,CC,CC,CC,CC,CC,CC,-,CC,CC,CC,-,CC,CC,-,CC,CC,CC,-,-,CC,CC,-,CC,CC,CC,-,CB,CB,-,CB,-,BB,BB,BB,-,BB,CB,CB,BB,BB,-,BB,-,-,BB,-,CB,CB,CB,-,CB,CB,-,CB,CB,-,-,CB,CB,-,BB,not CC,CB,CB,-,-,CC,CC,CC,CC,CC,CC,CC,-,BB,CB,-,CB,CB,CB,-,-,CB,CB,-,-,BB,-,-,-,-,CC,CC,-,BB,BB,BB,-,-,-,-,CC,CB
82.017,female,BB,BB,BB,CB,CB,BB,BB,BB,BB,BB,BB,BB,BB,CB,CB,CB,CC,CC,CC,CC,-,-,-,CB,-,-,-,-,CB,CB,-,BB,BB,BB,BB,BB,-,BB,BB,BB,-,BB,CB,-,CB,CB,CB,-,-,BB,BB,-,BB,BB,BB,-,CB,CC,CC,CC,-,CC,CC,CC,-,CB,CB,CB,CB,BB,-,BB,-,-,BB,-,CC,CC,CB,-,CB,CB,-,CC,CC,-,-,CC,CC,-,CB,CC,CC,CC,-,-,CC,CB,CB,CB,CB,CB,CB,-,CC,CC,-,CC,CB,CB,-,CB,CB,CB,-,-,CB,-,-,-,-,BB,CC,-,CB,CB,CB,-,-,-,-,CC,CC
264,female,CB,CB,BB,BB,BB,BB,CB,CB,CB,CB,CB,CB,CB,CB,BB,BB,BB,CB,CB,BB,-,-,CB,CB,-,-,-,-,CC,BB,BB,CC,CC,CC,CC,CC,-,CC,CC,CC,-,CB,BB,-,BB,BB,CB,-,-,CB,CB,-,CC,CC,CC,-,CB,CB,BB,BB,-,CC,CC,CC,-,CC,CB,CB,CB,BB,-,BB,-,-,CC,-,BB,BB,BB,-,BB,BB,-,BB,BB,-,-,BB,BB,-,BB,not CC,CB,CB,-,-,CB,CB,CB,CB,CB,CB,CB,-,CC,CC,-,BB,BB,BB,-,BB,BB,BB,-,-,CB,-,-,-,-,CB,-,-,BB,CB,CB,-,-,-,-,CC,CC
264,female,CC,CC,-,CB,BB,BB,BB,BB,BB,BB,-,BB,BB,BB,BB,BB,BB,BB,BB,CC,-,-,CB,CB,-,-,-,-,CB,CC,CC,CC,CC,CC,CC,CC,-,CC,CB,CB,-,CB,BB,-,CB,CB,CB,-,-,CB,CB,-,CB,CB,CB,-,CB,CB,CB,CB,-,BB,BB,CB,-,CB,CB,CB,-,CB,-,CC,-,-,CB,-,CB,-,CB,-,CB,CB,-,CB,CB,-,-,CB,-,-,BB,not CC,CB,CB,-,-,BB,BB,BB,BB,BB,BB,BB,-,CB,-,-,CB,CB,CB,-,CB,CB,CB,-,-,CB,-,-,-,-,-,CB,-,CB,CB,CB,-,-,-,-,CC,CC
91.283,female,BB,BB,-,-,CC,CC,CC,CC,CC,CC,CB,CB,CB,CB,CC,CC,CB,CB,CB,CB,-,-,CB,CB,-,-,-,-,BB,CB,CB,CB,CB,CB,CB,CB,-,CB,CB,CB,-,CB,BB,-,BB,BB,BB,-,-,BB,BB,-,BB,BB,BB,-,CB,-,CC,CB,-,CB,CB,CB,-,CC,CB,CB,CB,CB,-,CC,-,-,CB,-,CB,CB,CB,-,CB,CB,-,CB,CB,-,-,BB,-,-,BB,not CC,CB,CB,-,-,CC,CC,CC,CC,CC,CC,CC,-,CC,CC,-,CC,CC,CB,-,CB,CB,CB,-,-,BB,-,-,-,-,CB,CC,-,BB,BB,BB,-,-,-,-,CB,CB
140.767,female,CB,CB,-,CB,CB,CB,CB,CB,CB,CB,CB,BB,BB,BB,BB,CB,CC,CC,CC,CB,-,-,CB,CB,-,-,-,-,CC,CB,CB,CB,CB,CB,CB,CB,-,CB,CB,CB,-,BB,CC,-,CC,CC,CB,-,-,CB,CB,-,CB,CB,CB,-,CC,CC,CC,CC,-,BB,BB,BB,-,BB,BB,-,BB,BB,-,BB,-,-,CB,-,CB,CB,CB,-,BB,BB,-,BB,-,-,-,CB,CB,-,CB,not CC,CB,CB,-,-,CB,CB,CB,CB,CB,CB,CB,-,CB,CB,-,BB,BB,BB,-,BB,CB,CB,-,-,BB,-,-,-,-,CC,CB,-,-,CB,CB,-,-,-,-,CB,CB
81.733,female,CC,CC,-,CC,CC,CC,CC,CC,CC,CC,CC,CC,CC,CC,CB,CB,CB,CB,BB,CB,-,-,CB,CB,-,-,-,-,CB,BB,BB,BB,BB,BB,BB,-,-,CB,CB,CC,-,CC,BB,-,CB,CB,CB,-,-,CB,CB,-,CB,CB,BB,-,CB,CB,CB,CB,-,CB,CB,CB,-,CB,CB,CC,CC,CB,-,CB,-,-,CC,-,BB,-,BB,-,CB,-,-,CB,CC,-,-,BB,BB,-,CB,not CC,CB,CB,-,-,CB,CB,CB,CB,CB,CB,CB,-,CB,CB,-,BB,BB,BB,-,CB,CB,CB,-,-,CB,-,-,-,-,CB,CB,-,CC,CB,CC,-,-,-,-,CC,CC
75.667,female,CB,CB,-,CC,CC,CC,CC,CC,CC,CC,CC,-,CC,CC,CB,CB,BB,BB,CB,CB,-,-,-,CC,-,-,-,-,CC,CB,-,CB,CB,-,BB,BB,-,BB,BB,BB,-,BB,CC,-,CC,CC,CB,-,-,-,CB,-,CB,CB,CB,-,CB,-,BB,BB,-,CC,CC,-,-,BB,BB,CB,CB,CB,-,CB,-,-,CB,-,CB,-,CB,-,CB,CB,-,CB,CB,-,-,CC,CC,-,CB,not CC,CB,CB,-,-,CB,CB,CB,CC,-,CC,CB,-,CB,CB,-,BB,CB,CB,-,CB,CB,CB,-,-,CC,-,-,-,-,CC,CB,-,CB,CC,CC,-,-,-,-,CC,CB
76.483,female,BB,BB,BB,BB,BB,CB,CB,CB,CB,CB,CB,CB,CB,BB,BB,CB,CB,CB,CC,CB,-,-,CC,CC,-,-,-,-,CC,BB,-,CB,CB,CB,CB,CB,-,CB,CB,CB,-,CB,CC,-,CB,CB,CB,-,-,-,BB,-,BB,BB,BB,-,BB,BB,-,CB,-,CC,CC,CC,-,CC,CC,BB,-,BB,-,BB,-,-,BB,-,CC,-,CB,-,CC,CB,-,BB,BB,-,-,CB,CB,-,BB,CC,CC,CC,-,-,CC,CC,CC,CC,CB,CB,BB,-,CB,CB,-,BB,BB,BB,-,BB,BB,BB,-,-,CC,-,-,-,-,CC,CC,-,CB,CB,CB,-,-,-,-,CC,CC
116.467,female,CB,CB,-,BB,BB,BB,BB,BB,BB,BB,CB,CB,CB,CB,CB,BB,BB,BB,CB,CB,-,-,CB,-,-,-,-,-,BB,CB,CB,CC,CC,CC,CC,CC,-,CC,CC,CC,-,CB,CC,-,CC,CC,CC,-,-,CB,CB,-,CB,CB,CB,-,CB,CB,CB,BB,-,CC,CC,CC,-,CC,CB,BB,-,BB,-,BB,-,-,BB,-,CB,CB,CB,-,CB,CB,-,BB,BB,-,-,CB,CB,-,CC,CC,CC,CC,-,-,CC,CC,CB,CB,CB,CB,CB,-,CC,CB,-,CC,CC,CC,-,CC,CC,CC,-,-,CB,-,-,-,-,-,CB,-,BB,BB,BB,-,-,-,-,CC,CC
116.517,female,CC,CC,-,BB,BB,BB,BB,BB,BB,BB,BB,CB,CB,CB,CB,BB,CB,CB,CB,CB,-,-,CB,CB,-,-,-,-,CC,BB,BB,BB,BB,BB,BB,BB,-,BB,CB,CB,-,CB,BB,-,BB,CB,CB,-,-,CB,CB,-,CB,CB,CB,-,CC,CC,-,CB,-,BB,BB,CB,-,CB,CB,CC,-,CC,-,CC,-,-,CC,-,CB,-,CB,-,CB,CB,-,BB,BB,-,-,CB,CB,-,CB,not CC,CB,CB,-,-,CB,-,CB,CB,-,CB,CB,-,CC,CC,-,CB,CC,CC,-,CC,CC,CC,-,-,CB,-,-,-,-,-,CB,-,CB,CC,CC,-,-,-,-,CC,CB
139.55,female,CB,CB,BB,BB,BB,BB,BB,BB,CB,CB,CB,CB,CB,CC,CC,CC,CB,CB,CB,CB,-,-,CB,CB,-,-,-,-,CB,CB,CB,CB,CB,-,CB,CB,-,CB,CB,BB,-,BB,CB,-,CB,CC,CB,-,-,CB,CB,-,CB,CB,CB,-,CB,CB,CB,CB,-,CB,CB,CB,-,CB,CB,CB,CB,CB,-,CC,-,-,CB,-,CB,CB,CB,-,CB,CB,-,BB,CB,-,-,CB,-,-,CC,not CC,CB,CC,-,-,CC,CC,CB,CB,CB,CB,CB,-,CB,CB,-,CC,CC,CC,-,CC,CC,CC,-,-,CB,-,-,-,-,BB,CB,-,CB,CB,BB,-,-,-,-,CB,CB
264,female,CC,CC,-,CC,CC,CC,CC,CC,CC,CC,CC,CC,CC,BB,BB,CB,CB,CB,CB,BB,-,-,CB,CB,-,-,-,-,CB,BB,BB,CB,CB,CB,CB,CB,-,CB,CB,CB,-,CB,BB,-,BB,BB,BB,-,-,BB,BB,-,CB,CB,CB,-,CC,BB,BB,BB,-,CB,CB,CC,-,CB,CB,BB,BB,BB,-,BB,-,-,CB,-,BB,-,BB,-,CB,CB,-,CB,CB,-,-,BB,BB,-,CB,not CC,CB,CB,-,-,CB,CB,CB,CB,CB,CB,CB,-,CB,CB,-,CB,CB,CB,-,CB,CB,CB,-,-,CB,-,-,-,-,BB,BB,-,CB,CB,CB,-,-,-,-,CB,CC
116.2,female,CC,CC,-,CB,CB,CB,CB,CB,CB,CB,CB,CC,CC,CC,CB,CB,CB,CC,CC,CB,-,-,CB,BB,-,-,-,-,CB,CB,CB,CB,CB,CB,CB,CB,-,BB,BB,-,-,BB,CB,-,CB,CB,CC,-,-,CC,CC,-,CC,CC,CC,-,CC,CB,CB,CB,-,CB,CB,CC,-,CB,CB,CC,CC,CC,-,CC,-,-,CB,-,CB,-,CB,-,CB,BB,-,BB,BB,-,-,CB,CB,-,BB,not CC,CB,CB,-,-,CB,CB,CB,CB,CB,CB,CB,-,BB,BB,-,CB,CB,CB,-,BB,BB,BB,-,-,CB,-,-,-,-,CB,BB,-,CB,CB,CB,-,-,-,-,CC,CC
